Customer ID,Number of Orders,Customer Type,Total Spend,Customer Segment
12346,1,One-time Customer,77183.6,One-time
12347,7,Repeat Customer,4310.000000000001,Regular
12348,4,Repeat Customer,1797.24,Regular
12349,1,One-time Customer,1757.5500000000002,One-time
12350,1,One-time Customer,334.40000000000003,One-time
12352,8,Repeat Customer,2506.0400000000004,Regular
12353,1,One-time Customer,89.0,One-time
12354,1,One-time Customer,1079.3999999999999,One-time
12355,1,One-time Customer,459.4,One-time
12356,3,Repeat Customer,2811.43,Occasional
12357,1,One-time Customer,6207.67,One-time
12358,2,Repeat Customer,1168.06,Occasional
12359,4,Repeat Customer,6372.58,Regular
12360,3,Repeat Customer,2662.06,Occasional
12361,1,One-time Customer,189.89999999999998,One-time
12362,10,Repeat Customer,5226.23,Regular
12363,2,Repeat Customer,552.0,Occasional
12364,4,Repeat Customer,1313.1000000000001,Regular
12365,2,Repeat Customer,641.3799999999999,Occasional
12367,1,One-time Customer,168.89999999999998,One-time
12370,4,Repeat Customer,3545.6899999999996,Regular
12371,2,Repeat Customer,1887.96,Occasional
12372,3,Repeat Customer,1298.0400000000002,Occasional
12373,1,One-time Customer,364.6,One-time
12374,1,One-time Customer,742.93,One-time
12375,2,Repeat Customer,457.5,Occasional
12377,2,Repeat Customer,1628.12,Occasional
12378,1,One-time Customer,4008.62,One-time
12379,2,Repeat Customer,852.24,Occasional
12380,4,Repeat Customer,2724.8100000000004,Regular
12381,5,Repeat Customer,1845.3100000000004,Regular
12383,5,Repeat Customer,1850.5600000000002,Regular
12384,2,Repeat Customer,585.2700000000001,Occasional
12386,2,Repeat Customer,401.9,Occasional
12388,6,Repeat Customer,2780.6600000000003,Regular
12390,1,One-time Customer,549.84,One-time
12391,1,One-time Customer,460.89,One-time
12393,4,Repeat Customer,1582.6000000000001,Regular
12394,2,Repeat Customer,1272.48,Occasional
12395,12,Repeat Customer,3018.63,Loyal
12397,2,Repeat Customer,2409.9000000000005,Occasional
12398,1,One-time Customer,1635.6599999999999,One-time
12399,4,Repeat Customer,1108.65,Regular
12401,1,One-time Customer,84.3,One-time
12402,1,One-time Customer,225.6,One-time
12403,1,One-time Customer,427.7,One-time
12405,1,One-time Customer,1710.3900000000003,One-time
12406,2,Repeat Customer,3415.3,Occasional
12407,5,Repeat Customer,1708.1199999999997,Regular
12408,5,Repeat Customer,2888.55,Regular
12409,3,Repeat Customer,11072.67,Occasional
12410,2,Repeat Customer,693.3299999999999,Occasional
12412,3,Repeat Customer,1226.88,Occasional
12413,3,Repeat Customer,758.1,Occasional
12414,3,Repeat Customer,562.41,Occasional
12415,21,Repeat Customer,124914.53,Loyal
12417,9,Repeat Customer,3649.1000000000004,Regular
12418,1,One-time Customer,668.58,One-time
12420,1,One-time Customer,600.3900000000001,One-time
12421,4,Repeat Customer,807.0400000000001,Regular
12422,3,Repeat Customer,803.5599999999998,Occasional
12423,8,Repeat Customer,1859.31,Regular
12424,2,Repeat Customer,1760.9599999999996,Occasional
12425,1,One-time Customer,777.1999999999999,One-time
12426,1,One-time Customer,582.73,One-time
12427,3,Repeat Customer,825.8,Occasional
12428,9,Repeat Customer,7956.46,Regular
12429,4,Repeat Customer,3750.4,Regular
12430,1,One-time Customer,256.4,One-time
12431,15,Repeat Customer,6487.45,Loyal
12432,5,Repeat Customer,5059.319999999999,Regular
12433,7,Repeat Customer,13375.87,Regular
12434,2,Repeat Customer,806.14,Occasional
12435,2,Repeat Customer,7829.890000000001,Occasional
12436,1,One-time Customer,509.01000000000005,One-time
12437,18,Repeat Customer,4951.41,Loyal
12438,2,Repeat Customer,2906.8500000000004,Occasional
12441,1,One-time Customer,173.55,One-time
12442,1,One-time Customer,172.06,One-time
12444,5,Repeat Customer,5005.46,Regular
12445,1,One-time Customer,133.4,One-time
12446,1,One-time Customer,1002.3100000000001,One-time
12447,1,One-time Customer,476.49,One-time
12448,1,One-time Customer,449.4500000000001,One-time
12449,4,Repeat Customer,4067.2900000000004,Regular
12450,2,Repeat Customer,197.88,Occasional
12451,5,Repeat Customer,9035.52,Regular
12452,2,Repeat Customer,430.57,Occasional
12453,1,One-time Customer,707.0899999999999,One-time
12454,1,One-time Customer,3528.34,One-time
12455,6,Repeat Customer,2466.8599999999997,Regular
12456,3,Repeat Customer,3181.04,Occasional
12457,7,Repeat Customer,2363.23,Regular
12458,2,Repeat Customer,947.4,Occasional
12461,2,Repeat Customer,826.88,Occasional
12462,2,Repeat Customer,1189.5900000000001,Occasional
12463,4,Repeat Customer,1344.7800000000002,Regular
12464,8,Repeat Customer,1212.05,Regular
12465,2,Repeat Customer,742.19,Occasional
12468,2,Repeat Customer,729.54,Occasional
12471,30,Repeat Customer,19824.05,Loyal
12472,7,Repeat Customer,6572.110000000001,Regular
12473,5,Repeat Customer,3938.55,Regular
12474,18,Repeat Customer,7375.79,Loyal
12475,1,One-time Customer,723.3799999999999,One-time
12476,11,Repeat Customer,6816.42,Loyal
12477,6,Repeat Customer,13219.740000000002,Regular
12478,1,One-time Customer,680.9900000000001,One-time
12479,1,One-time Customer,527.2,One-time
12480,4,Repeat Customer,3281.6299999999997,Regular
12481,10,Repeat Customer,5596.32,Regular
12483,8,Repeat Customer,2484.98,Regular
12484,6,Repeat Customer,4541.719999999999,Regular
12488,3,Repeat Customer,1298.6600000000003,Occasional
12489,1,One-time Customer,334.92999999999995,One-time
12490,10,Repeat Customer,5417.93,Regular
12491,1,One-time Customer,460.40000000000003,One-time
12492,2,Repeat Customer,263.21,Occasional
12493,2,Repeat Customer,433.74,Occasional
12494,7,Repeat Customer,1246.1,Regular
12497,1,One-time Customer,1043.1,One-time
12498,3,Repeat Customer,403.7,Occasional
12500,11,Repeat Customer,4257.820000000001,Loyal
12501,1,One-time Customer,2169.3900000000003,One-time
12502,5,Repeat Customer,3723.87,Regular
12504,2,Repeat Customer,482.04999999999995,Occasional
12506,1,One-time Customer,73.50000000000001,One-time
12507,3,Repeat Customer,1304.81,Occasional
12508,2,Repeat Customer,398.27,Occasional
12509,1,One-time Customer,176.5,One-time
12510,2,Repeat Customer,982.5699999999999,Occasional
12512,2,Repeat Customer,138.03,Occasional
12513,1,One-time Customer,612.2900000000001,One-time
12514,1,One-time Customer,1017.6800000000001,One-time
12515,1,One-time Customer,383.70000000000005,One-time
12516,2,Repeat Customer,1312.06,Occasional
12517,5,Repeat Customer,2502.84,Regular
12518,5,Repeat Customer,2056.89,Regular
12519,1,One-time Customer,340.84000000000003,One-time
12520,5,Repeat Customer,2634.26,Regular
12521,1,One-time Customer,599.68,One-time
12522,2,Repeat Customer,192.72000000000003,Occasional
12523,11,Repeat Customer,1789.77,Loyal
12524,8,Repeat Customer,4485.719999999999,Regular
12526,3,Repeat Customer,1316.6600000000003,Occasional
12527,3,Repeat Customer,348.71000000000004,Occasional
12528,6,Repeat Customer,1933.4800000000002,Regular
12530,4,Repeat Customer,1662.28,Regular
12531,1,One-time Customer,125.22,One-time
12532,1,One-time Customer,349.83000000000004,One-time
12534,1,One-time Customer,1089.18,One-time
12535,2,Repeat Customer,716.35,Occasional
12536,3,Repeat Customer,12601.830000000002,Occasional
12538,1,One-time Customer,363.95,One-time
12539,4,Repeat Customer,5568.349999999999,Regular
12540,17,Repeat Customer,13400.24,Loyal
12541,3,Repeat Customer,981.1800000000002,Occasional
12544,1,One-time Customer,372.70000000000005,One-time
12545,2,Repeat Customer,1000.39,Occasional
12546,2,Repeat Customer,1161.5,Occasional
12547,2,Repeat Customer,207.8,Occasional
12548,1,One-time Customer,95.19999999999999,One-time
12550,1,One-time Customer,964.83,One-time
12551,1,One-time Customer,168.0,One-time
12552,2,Repeat Customer,437.82,Occasional
12553,10,Repeat Customer,3692.2799999999997,Regular
12556,2,Repeat Customer,603.7099999999999,Occasional
12557,5,Repeat Customer,11990.96,Regular
12558,1,One-time Customer,269.96000000000004,One-time
12559,2,Repeat Customer,561.7099999999999,Occasional
12560,3,Repeat Customer,2134.01,Occasional
12561,1,One-time Customer,238.85,One-time
12562,7,Repeat Customer,3781.74,Regular
12564,1,One-time Customer,456.90000000000003,One-time
12565,1,One-time Customer,145.92000000000002,One-time
12566,1,One-time Customer,351.65,One-time
12567,10,Repeat Customer,9401.279999999999,Regular
12569,32,Repeat Customer,4124.6900000000005,Loyal
12571,2,Repeat Customer,519.61,Occasional
12572,2,Repeat Customer,1020.42,Occasional
12573,1,One-time Customer,160.54,One-time
12574,1,One-time Customer,218.45000000000002,One-time
12576,5,Repeat Customer,1315.83,Regular
12577,3,Repeat Customer,657.8,Occasional
12578,2,Repeat Customer,2794.5099999999998,Occasional
12579,1,One-time Customer,440.41999999999996,One-time
12580,1,One-time Customer,415.70000000000005,One-time
12581,1,One-time Customer,197.70999999999998,One-time
12582,2,Repeat Customer,511.3599999999999,Occasional
12583,15,Repeat Customer,7281.379999999999,Loyal
12584,9,Repeat Customer,2338.1500000000005,Regular
12585,2,Repeat Customer,2040.0999999999997,Occasional
12586,1,One-time Customer,196.94000000000003,One-time
12587,1,One-time Customer,144.0,One-time
12588,1,One-time Customer,214.89999999999998,One-time
12589,2,Repeat Customer,646.6800000000001,Occasional
12590,2,Repeat Customer,9864.26,Occasional
12591,1,One-time Customer,452.84999999999997,One-time
12592,2,Repeat Customer,437.6,Occasional
12593,3,Repeat Customer,418.0999999999999,Occasional
12594,10,Repeat Customer,3338.2200000000003,Regular
12596,2,Repeat Customer,618.27,Occasional
12597,4,Repeat Customer,3811.2199999999993,Regular
12598,8,Repeat Customer,3023.08,Regular
12599,7,Repeat Customer,1032.5800000000004,Regular
12600,10,Repeat Customer,2599.04,Regular
12601,5,Repeat Customer,577.0600000000001,Regular
12602,1,One-time Customer,153.12,One-time
12603,1,One-time Customer,739.1999999999999,One-time
12604,2,Repeat Customer,254.17999999999998,Occasional
12607,1,One-time Customer,1579.51,One-time
12609,3,Repeat Customer,1126.8500000000001,Occasional
12610,5,Repeat Customer,2099.54,Regular
12611,1,One-time Customer,1193.32,One-time
12612,1,One-time Customer,704.04,One-time
12613,5,Repeat Customer,3344.38,Regular
12614,1,One-time Customer,315.59999999999997,One-time
12615,4,Repeat Customer,2291.1899999999996,Regular
12616,2,Repeat Customer,713.3,Occasional
12617,1,One-time Customer,355.53000000000003,One-time
12618,1,One-time Customer,177.31,One-time
12619,9,Repeat Customer,3641.24,Regular
12620,3,Repeat Customer,1339.41,Occasional
12621,20,Repeat Customer,13689.67,Loyal
12622,1,One-time Customer,180.09999999999997,One-time
12623,1,One-time Customer,305.1,One-time
12624,2,Repeat Customer,641.13,Occasional
12625,2,Repeat Customer,2683.82,Occasional
12626,9,Repeat Customer,6620.48,Regular
12627,7,Repeat Customer,4478.530000000001,Regular
12628,3,Repeat Customer,786.4599999999999,Occasional
12630,2,Repeat Customer,1270.88,Occasional
12631,1,One-time Customer,640.5,One-time
12633,4,Repeat Customer,2163.98,Regular
12635,2,Repeat Customer,1689.1800000000003,Occasional
12637,8,Repeat Customer,6021.9,Regular
12638,1,One-time Customer,671.69,One-time
12639,1,One-time Customer,486.1,One-time
12640,3,Repeat Customer,1174.58,Occasional
12641,1,One-time Customer,185.9,One-time
12642,3,Repeat Customer,1013.26,Occasional
12643,6,Repeat Customer,3344.6399999999994,Regular
12644,1,One-time Customer,477.90999999999997,One-time
12645,4,Repeat Customer,1775.1800000000003,Regular
12646,2,Repeat Customer,1346.97,Occasional
12647,12,Repeat Customer,3722.82,Loyal
12648,1,One-time Customer,318.04999999999995,One-time
12649,3,Repeat Customer,623.51,Occasional
12650,1,One-time Customer,314.44,One-time
12651,1,One-time Customer,114.0,One-time
12652,1,One-time Customer,919.98,One-time
12653,2,Repeat Customer,2209.85,Occasional
12654,5,Repeat Customer,601.9799999999999,Regular
12656,5,Repeat Customer,4051.17,Regular
12657,4,Repeat Customer,1643.18,Regular
12658,1,One-time Customer,686.05,One-time
12659,1,One-time Customer,91.68,One-time
12660,1,One-time Customer,245.10000000000002,One-time
12662,11,Repeat Customer,3849.7799999999997,Loyal
12664,9,Repeat Customer,4881.88,Regular
12665,1,One-time Customer,63.0,One-time
12667,1,One-time Customer,620.1300000000001,One-time
12668,4,Repeat Customer,3807.15,Regular
12669,3,Repeat Customer,2744.03,Occasional
12670,5,Repeat Customer,2996.0500000000006,Regular
12672,1,One-time Customer,225.9,One-time
12673,2,Repeat Customer,610.52,Occasional
12674,4,Repeat Customer,1970.6000000000001,Regular
12676,6,Repeat Customer,1331.39,Regular
12678,12,Repeat Customer,17628.46,Loyal
12679,4,Repeat Customer,1113.02,Regular
12680,4,Repeat Customer,880.8100000000002,Regular
12681,22,Repeat Customer,13787.54,Loyal
12682,31,Repeat Customer,12288.220000000001,Loyal
12683,15,Repeat Customer,8476.57,Loyal
12684,7,Repeat Customer,2283.63,Regular
12685,6,Repeat Customer,2863.08,Regular
12686,1,One-time Customer,89.14,One-time
12688,1,One-time Customer,4873.8099999999995,One-time
12689,2,Repeat Customer,1247.61,Occasional
12690,1,One-time Customer,389.01,One-time
12691,6,Repeat Customer,1035.8,Regular
12693,4,Repeat Customer,855.91,Regular
12694,2,Repeat Customer,869.67,Occasional
12695,4,Repeat Customer,582.1,Regular
12697,3,Repeat Customer,957.5899999999999,Occasional
12700,4,Repeat Customer,4939.99,Regular
12701,2,Repeat Customer,797.71,Occasional
12702,1,One-time Customer,219.0,One-time
12703,1,One-time Customer,283.55,One-time
12704,8,Repeat Customer,2340.8399999999997,Regular
12705,9,Repeat Customer,6868.290000000001,Regular
12707,1,One-time Customer,603.42,One-time
12708,10,Repeat Customer,2712.91,Regular
12709,15,Repeat Customer,9736.52,Loyal
12710,3,Repeat Customer,1149.0200000000002,Occasional
12712,13,Repeat Customer,4396.13,Loyal
12713,1,One-time Customer,848.5500000000001,One-time
12714,5,Repeat Customer,4708.860000000001,Regular
12715,1,One-time Customer,353.85999999999996,One-time
12716,2,Repeat Customer,1053.4900000000002,Occasional
12717,2,Repeat Customer,1030.98,Occasional
12718,1,One-time Customer,238.25,One-time
12719,2,Repeat Customer,644.95,Occasional
12720,25,Repeat Customer,5781.730000000001,Loyal
12721,6,Repeat Customer,2656.13,Regular
12722,4,Repeat Customer,997.6300000000001,Regular
12723,5,Repeat Customer,725.07,Regular
12724,4,Repeat Customer,1031.4099999999999,Regular
12725,1,One-time Customer,427.8,One-time
12726,7,Repeat Customer,2609.1,Regular
12727,7,Repeat Customer,3980.7000000000003,Regular
12728,4,Repeat Customer,836.3299999999999,Regular
12729,1,One-time Customer,453.01000000000005,One-time
12731,12,Repeat Customer,18895.91,Loyal
12732,1,One-time Customer,236.26000000000005,One-time
12733,1,One-time Customer,383.95000000000005,One-time
12734,1,One-time Customer,110.39999999999999,One-time
12735,2,Repeat Customer,779.57,Occasional
12736,1,One-time Customer,234.00000000000003,One-time
12738,1,One-time Customer,155.35,One-time
12739,2,Repeat Customer,1013.0400000000001,Occasional
12740,1,One-time Customer,427.59999999999997,One-time
12743,2,Repeat Customer,546.4300000000001,Occasional
12744,7,Repeat Customer,21279.29,Regular
12747,11,Repeat Customer,4196.009999999999,Loyal
12748,210,Repeat Customer,33719.73,Loyal
12749,5,Repeat Customer,4090.88,Regular
12750,1,One-time Customer,275.88,One-time
12752,1,One-time Customer,4366.780000000001,One-time
12753,6,Repeat Customer,21429.39,Regular
12754,3,Repeat Customer,3010.7400000000002,Occasional
12755,2,Repeat Customer,3811.9499999999994,Occasional
12756,1,One-time Customer,112.08000000000001,One-time
12757,13,Repeat Customer,7857.1,Loyal
12758,2,Repeat Customer,2791.59,Occasional
12759,3,Repeat Customer,1531.4400000000003,Occasional
12762,2,Repeat Customer,1898.5200000000004,Occasional
12763,2,Repeat Customer,494.08000000000004,Occasional
12764,1,One-time Customer,1693.88,One-time
12766,7,Repeat Customer,6989.63,Regular
12769,1,One-time Customer,1143.6,One-time
12770,1,One-time Customer,1351.4499999999998,One-time
12772,1,One-time Customer,892.4700000000001,One-time
12775,5,Repeat Customer,1386.0400000000002,Regular
12778,6,Repeat Customer,822.23,Regular
12779,8,Repeat Customer,3981.3599999999997,Regular
12781,2,Repeat Customer,826.74,Occasional
12782,5,Repeat Customer,2330.9200000000005,Regular
12783,6,Repeat Customer,2225.91,Regular
12784,2,Repeat Customer,574.4200000000001,Occasional
12785,1,One-time Customer,311.95,One-time
12787,3,Repeat Customer,463.65999999999997,Occasional
12789,1,One-time Customer,91.85000000000001,One-time
12790,1,One-time Customer,324.9200000000001,One-time
12791,1,One-time Customer,192.60000000000002,One-time
12792,1,One-time Customer,400.53999999999996,One-time
12793,2,Repeat Customer,545.48,Occasional
12794,2,Repeat Customer,860.41,Occasional
12795,1,One-time Customer,430.48,One-time
12797,1,One-time Customer,254.03,One-time
12798,3,Repeat Customer,6977.04,Occasional
12802,1,One-time Customer,427.58,One-time
12808,3,Repeat Customer,483.65000000000003,Occasional
12809,1,One-time Customer,489.31,One-time
12811,3,Repeat Customer,514.8499999999999,Occasional
12812,1,One-time Customer,229.64,One-time
12814,1,One-time Customer,125.92,One-time
12815,2,Repeat Customer,1063.46,Occasional
12816,2,Repeat Customer,572.2,Occasional
12817,1,One-time Customer,166.04,One-time
12818,1,One-time Customer,1542.08,One-time
12820,4,Repeat Customer,942.34,Regular
12821,1,One-time Customer,92.72,One-time
12822,2,Repeat Customer,948.8800000000002,Occasional
12823,5,Repeat Customer,1759.5,Regular
12824,1,One-time Customer,397.11999999999995,One-time
12826,7,Repeat Customer,1474.72,Regular
12827,3,Repeat Customer,430.15,Occasional
12828,6,Repeat Customer,1018.71,Regular
12829,2,Repeat Customer,293.0,Occasional
12830,6,Repeat Customer,6814.640000000001,Regular
12831,1,One-time Customer,215.05,One-time
12832,2,Repeat Customer,383.03000000000003,Occasional
12833,1,One-time Customer,417.38,One-time
12834,1,One-time Customer,312.38,One-time
12836,4,Repeat Customer,2612.8599999999997,Regular
12837,1,One-time Customer,134.1,One-time
12838,2,Repeat Customer,683.13,Occasional
12839,14,Repeat Customer,5591.42,Loyal
12840,4,Repeat Customer,2726.77,Regular
12841,25,Repeat Customer,4022.35,Loyal
12842,2,Repeat Customer,1118.99,Occasional
12843,8,Repeat Customer,1702.2600000000002,Regular
12844,2,Repeat Customer,325.96,Occasional
12845,4,Repeat Customer,354.09,Regular
12847,1,One-time Customer,871.5399999999998,One-time
12849,2,Repeat Customer,1050.8899999999999,Occasional
12851,1,One-time Customer,135.18,One-time
12852,1,One-time Customer,311.55,One-time
12853,6,Repeat Customer,1957.1000000000004,Regular
12854,3,Repeat Customer,1324.5000000000002,Occasional
12855,1,One-time Customer,38.1,One-time
12856,6,Repeat Customer,2179.93,Regular
12857,2,Repeat Customer,1106.4,Occasional
12863,1,One-time Customer,521.2,One-time
12864,1,One-time Customer,147.12,One-time
12865,2,Repeat Customer,1568.23,Occasional
12866,1,One-time Customer,559.12,One-time
12867,7,Repeat Customer,4036.82,Regular
12868,6,Repeat Customer,1607.0600000000002,Regular
12871,2,Repeat Customer,380.64000000000004,Occasional
12872,2,Repeat Customer,599.9700000000001,Occasional
12873,1,One-time Customer,374.0,One-time
12875,2,Repeat Customer,343.2300000000001,Occasional
12876,2,Repeat Customer,2218.020000000001,Occasional
12877,12,Repeat Customer,1535.7700000000002,Loyal
12878,2,Repeat Customer,854.99,Occasional
12879,3,Repeat Customer,573.22,Occasional
12881,1,One-time Customer,298.0,One-time
12882,2,Repeat Customer,1463.0399999999997,Occasional
12883,4,Repeat Customer,703.47,Regular
12884,1,One-time Customer,309.05000000000007,One-time
12885,3,Repeat Customer,1175.2199999999998,Occasional
12886,2,Repeat Customer,1378.3999999999999,Occasional
12888,2,Repeat Customer,354.12,Occasional
12890,1,One-time Customer,380.47,One-time
12891,3,Repeat Customer,331.0,Occasional
12893,1,One-time Customer,188.14000000000001,One-time
12895,2,Repeat Customer,372.8,Occasional
12897,2,Repeat Customer,216.5,Occasional
12901,28,Repeat Customer,17654.539999999997,Loyal
12902,1,One-time Customer,138.67999999999998,One-time
12904,2,Repeat Customer,509.58,Occasional
12906,5,Repeat Customer,2919.81,Regular
12908,2,Repeat Customer,750.0,Occasional
12909,5,Repeat Customer,2178.67,Regular
12910,8,Repeat Customer,3075.0400000000004,Regular
12912,5,Repeat Customer,1662.3,Regular
12913,5,Repeat Customer,2483.6299999999997,Regular
12915,2,Repeat Customer,363.65,Occasional
12916,4,Repeat Customer,3006.1499999999996,Regular
12917,1,One-time Customer,594.0,One-time
12919,6,Repeat Customer,1335.19,Regular
12920,1,One-time Customer,164.23000000000002,One-time
12921,37,Repeat Customer,16587.09,Loyal
12922,1,One-time Customer,405.38,One-time
12923,1,One-time Customer,176.97,One-time
12924,4,Repeat Customer,933.7000000000002,Regular
12925,2,Repeat Customer,694.05,Occasional
12928,5,Repeat Customer,2062.7,Regular
12929,1,One-time Customer,117.85,One-time
12930,2,Repeat Customer,415.8,Occasional
12931,15,Repeat Customer,42055.96,Loyal
12933,3,Repeat Customer,607.53,Occasional
12935,7,Repeat Customer,2160.7,Regular
12936,4,Repeat Customer,1063.8999999999999,Regular
12937,4,Repeat Customer,1504.2700000000002,Regular
12938,1,One-time Customer,114.13999999999999,One-time
12939,8,Repeat Customer,11581.800000000001,Regular
12940,2,Repeat Customer,913.54,Occasional
12942,3,Repeat Customer,683.9000000000001,Occasional
12944,2,Repeat Customer,604.5099999999999,Occasional
12945,1,One-time Customer,462.95000000000005,One-time
12947,6,Repeat Customer,1603.99,Regular
12948,7,Repeat Customer,2064.95,Regular
12949,8,Repeat Customer,4167.22,Regular
12950,3,Repeat Customer,1843.0,Occasional
12951,6,Repeat Customer,1064.07,Regular
12952,4,Repeat Customer,1387.79,Regular
12953,1,One-time Customer,329.85,One-time
12955,11,Repeat Customer,4757.160000000001,Loyal
12956,1,One-time Customer,108.07,One-time
12957,8,Repeat Customer,4017.54,Regular
12962,2,Repeat Customer,266.39,Occasional
12963,8,Repeat Customer,1856.63,Regular
12965,1,One-time Customer,771.91,One-time
12966,1,One-time Customer,160.18,One-time
12967,2,Repeat Customer,1660.9,Occasional
12968,1,One-time Customer,135.95,One-time
12970,4,Repeat Customer,452.24000000000007,Regular
12971,86,Repeat Customer,11189.91,Loyal
12974,1,One-time Customer,144.8,One-time
12976,1,One-time Customer,738.6,One-time
12977,1,One-time Customer,39.24,One-time
12980,9,Repeat Customer,7374.9,Regular
12981,2,Repeat Customer,372.2199999999999,Occasional
12982,1,One-time Customer,390.53999999999996,One-time
12984,1,One-time Customer,97.5,One-time
12985,2,Repeat Customer,1239.3799999999999,Occasional
12987,2,Repeat Customer,558.7,Occasional
12988,1,One-time Customer,535.3200000000002,One-time
12989,15,Repeat Customer,6924.110000000001,Loyal
12990,3,Repeat Customer,409.5000000000001,Occasional
12991,2,Repeat Customer,503.76000000000005,Occasional
12993,4,Repeat Customer,414.75999999999993,Regular
12994,3,Repeat Customer,974.42,Occasional
12995,1,One-time Customer,211.32,One-time
12997,4,Repeat Customer,1226.89,Regular
12999,3,Repeat Customer,455.88,Occasional
13000,3,Repeat Customer,534.8500000000001,Occasional
13001,13,Repeat Customer,9818.82,Loyal
13002,1,One-time Customer,120.94999999999999,One-time
13003,3,Repeat Customer,149.05,Occasional
13004,18,Repeat Customer,5655.91,Loyal
13005,2,Repeat Customer,513.6999999999999,Occasional
13006,1,One-time Customer,81.57,One-time
13008,1,One-time Customer,229.47000000000003,One-time
13011,1,One-time Customer,50.550000000000004,One-time
13012,8,Repeat Customer,1661.8400000000001,Regular
13013,13,Repeat Customer,4810.94,Loyal
13014,10,Repeat Customer,3466.2799999999997,Regular
13015,5,Repeat Customer,3346.2799999999997,Regular
13016,3,Repeat Customer,789.8899999999999,Occasional
13017,1,One-time Customer,204.0,One-time
13018,28,Repeat Customer,7277.700000000001,Loyal
13021,9,Repeat Customer,2616.38,Regular
13023,2,Repeat Customer,689.9000000000001,Occasional
13026,5,Repeat Customer,975.36,Regular
13027,6,Repeat Customer,6912.0,Regular
13028,2,Repeat Customer,661.3200000000002,Occasional
13029,3,Repeat Customer,1247.5,Occasional
13030,2,Repeat Customer,799.4800000000001,Occasional
13032,2,Repeat Customer,1010.1800000000002,Occasional
13033,1,One-time Customer,190.54999999999998,One-time
13034,2,Repeat Customer,642.7700000000001,Occasional
13035,2,Repeat Customer,921.88,Occasional
13037,3,Repeat Customer,881.07,Occasional
13038,3,Repeat Customer,908.46,Occasional
13040,2,Repeat Customer,676.99,Occasional
13043,1,One-time Customer,516.4200000000001,One-time
13044,1,One-time Customer,560.47,One-time
13045,1,One-time Customer,305.28,One-time
13046,2,Repeat Customer,629.31,Occasional
13047,10,Repeat Customer,3237.54,Regular
13048,4,Repeat Customer,1835.9099999999999,Regular
13049,2,Repeat Customer,656.6800000000002,Occasional
13050,17,Repeat Customer,5836.860000000001,Loyal
13052,1,One-time Customer,348.15000000000003,One-time
13055,3,Repeat Customer,1214.41,Occasional
13058,3,Repeat Customer,271.4,Occasional
13059,1,One-time Customer,183.4,One-time
13060,1,One-time Customer,307.53000000000003,One-time
13061,1,One-time Customer,248.61,One-time
13062,1,One-time Customer,346.98,One-time
13064,4,Repeat Customer,1119.4900000000002,Regular
13065,1,One-time Customer,205.85999999999999,One-time
13066,2,Repeat Customer,470.79999999999995,Occasional
13067,1,One-time Customer,115.46000000000001,One-time
13068,2,Repeat Customer,344.0,Occasional
13069,24,Repeat Customer,4436.12,Loyal
13070,1,One-time Customer,228.8,One-time
13072,1,One-time Customer,177.14999999999998,One-time
13075,1,One-time Customer,919.6100000000001,One-time
13077,4,Repeat Customer,729.2700000000001,Regular
13078,26,Repeat Customer,12627.939999999999,Loyal
13079,5,Repeat Customer,220.09999999999997,Regular
13080,1,One-time Customer,58.08,One-time
13081,11,Repeat Customer,28337.379999999997,Loyal
13082,9,Repeat Customer,3613.6299999999997,Regular
13083,2,Repeat Customer,303.75,Occasional
13085,2,Repeat Customer,416.08000000000004,Occasional
13089,97,Repeat Customer,58825.83,Loyal
13090,14,Repeat Customer,8910.819999999998,Loyal
13091,1,One-time Customer,345.82000000000005,One-time
13092,5,Repeat Customer,477.83000000000004,Regular
13093,8,Repeat Customer,7832.470000000001,Regular
13094,12,Repeat Customer,1927.3200000000002,Loyal
13095,1,One-time Customer,74.4,One-time
13097,10,Repeat Customer,6010.419999999999,Regular
13098,28,Repeat Customer,28882.44,Loyal
13099,1,One-time Customer,207.35999999999999,One-time
13101,1,One-time Customer,101.19,One-time
13102,24,Repeat Customer,6424.089999999999,Loyal
13103,1,One-time Customer,243.94,One-time
13104,6,Repeat Customer,1098.48,Regular
13106,1,One-time Customer,76.5,One-time
13107,4,Repeat Customer,1531.6200000000003,Regular
13108,1,One-time Customer,350.05999999999995,One-time
13109,2,Repeat Customer,786.54,Occasional
13110,7,Repeat Customer,1488.67,Regular
13113,24,Repeat Customer,12245.96,Loyal
13115,4,Repeat Customer,2294.7799999999997,Regular
13116,1,One-time Customer,501.14,One-time
13117,8,Repeat Customer,984.9100000000001,Regular
13118,5,Repeat Customer,1197.81,Regular
13120,1,One-time Customer,30.599999999999998,One-time
13121,1,One-time Customer,283.72999999999996,One-time
13122,2,Repeat Customer,922.39,Occasional
13124,3,Repeat Customer,3866.33,Occasional
13126,8,Repeat Customer,2099.64,Regular
13127,1,One-time Customer,259.16999999999996,One-time
13130,1,One-time Customer,64.0,One-time
13131,3,Repeat Customer,1073.2999999999997,Occasional
13132,1,One-time Customer,77.3,One-time
13133,2,Repeat Customer,109.80000000000001,Occasional
13134,4,Repeat Customer,1793.5800000000002,Regular
13135,1,One-time Customer,3096.0,One-time
13136,5,Repeat Customer,2607.6099999999997,Regular
13137,8,Repeat Customer,3650.41,Regular
13138,6,Repeat Customer,962.39,Regular
13139,7,Repeat Customer,5064.9400000000005,Regular
13140,3,Repeat Customer,423.72,Occasional
13141,5,Repeat Customer,2388.75,Regular
13142,1,One-time Customer,307.0899999999999,One-time
13144,1,One-time Customer,110.94999999999999,One-time
13145,4,Repeat Customer,618.52,Regular
13146,1,One-time Customer,228.91,One-time
13147,4,Repeat Customer,712.8000000000001,Regular
13148,12,Repeat Customer,3707.12,Loyal
13149,4,Repeat Customer,1676.0600000000002,Regular
13151,1,One-time Customer,1257.8700000000003,One-time
13153,1,One-time Customer,486.22,One-time
13155,4,Repeat Customer,971.7600000000002,Regular
13157,4,Repeat Customer,1741.2199999999998,Regular
13158,4,Repeat Customer,1201.06,Regular
13159,4,Repeat Customer,1437.85,Regular
13160,1,One-time Customer,91.8,One-time
13161,1,One-time Customer,112.75,One-time
13162,4,Repeat Customer,1688.2899999999997,Regular
13165,2,Repeat Customer,1021.48,Occasional
13166,1,One-time Customer,417.20000000000005,One-time
13167,4,Repeat Customer,791.3299999999999,Regular
13168,4,Repeat Customer,1319.19,Regular
13169,2,Repeat Customer,712.88,Occasional
13170,1,One-time Customer,116.00999999999999,One-time
13171,3,Repeat Customer,468.40999999999997,Occasional
13173,2,Repeat Customer,353.65000000000003,Occasional
13174,3,Repeat Customer,2817.0299999999997,Occasional
13176,1,One-time Customer,492.84000000000003,One-time
13177,1,One-time Customer,282.45,One-time
13178,11,Repeat Customer,5725.469999999999,Loyal
13182,1,One-time Customer,121.18,One-time
13183,9,Repeat Customer,3957.7800000000007,Regular
13184,10,Repeat Customer,1701.29,Regular
13185,1,One-time Customer,71.4,One-time
13186,3,Repeat Customer,1575.89,Occasional
13187,1,One-time Customer,236.01999999999998,One-time
13188,1,One-time Customer,114.60000000000001,One-time
13189,2,Repeat Customer,260.67999999999995,Occasional
13192,2,Repeat Customer,911.9400000000002,Occasional
13193,1,One-time Customer,117.88000000000001,One-time
13194,1,One-time Customer,60.7,One-time
13196,4,Repeat Customer,1797.78,Regular
13198,6,Repeat Customer,3401.24,Regular
13199,38,Repeat Customer,9817.119999999999,Loyal
13200,4,Repeat Customer,870.0900000000001,Regular
13203,4,Repeat Customer,869.4599999999999,Regular
13207,2,Repeat Customer,250.26000000000002,Occasional
13208,6,Repeat Customer,1223.9,Regular
13209,8,Repeat Customer,5891.61,Regular
13210,1,One-time Customer,353.48,One-time
13211,3,Repeat Customer,1197.42,Occasional
13212,3,Repeat Customer,788.0799999999999,Occasional
13213,5,Repeat Customer,1520.58,Regular
13216,1,One-time Customer,333.74,One-time
13217,3,Repeat Customer,533.98,Occasional
13218,1,One-time Customer,62.64,One-time
13220,4,Repeat Customer,819.29,Regular
13221,2,Repeat Customer,847.4100000000001,Occasional
13223,2,Repeat Customer,163.20000000000002,Occasional
13224,2,Repeat Customer,2155.9499999999994,Occasional
13225,7,Repeat Customer,6463.84,Regular
13226,1,One-time Customer,108.21,One-time
13227,1,One-time Customer,257.7,One-time
13228,1,One-time Customer,358.0,One-time
13229,1,One-time Customer,160.95,One-time
13230,14,Repeat Customer,2806.9700000000003,Loyal
13232,7,Repeat Customer,1357.6000000000001,Regular
13233,2,Repeat Customer,605.1199999999999,Occasional
13235,1,One-time Customer,1031.0700000000002,One-time
13236,2,Repeat Customer,744.85,Occasional
13238,4,Repeat Customer,700.7299999999999,Regular
13239,1,One-time Customer,329.56,One-time
13240,4,Repeat Customer,663.6500000000001,Regular
13242,3,Repeat Customer,270.40000000000003,Occasional
13243,1,One-time Customer,600.0700000000002,One-time
13244,1,One-time Customer,121.74,One-time
13245,1,One-time Customer,430.5,One-time
13246,6,Repeat Customer,1987.3,Regular
13247,4,Repeat Customer,501.11999999999995,Regular
13248,2,Repeat Customer,465.67999999999995,Occasional
13249,3,Repeat Customer,711.41,Occasional
13253,2,Repeat Customer,1030.3999999999999,Occasional
13255,2,Repeat Customer,399.51,Occasional
13256,1,One-time Customer,0.0,One-time
13258,3,Repeat Customer,698.5799999999999,Occasional
13259,1,One-time Customer,292.31999999999994,One-time
13260,1,One-time Customer,557.62,One-time
13261,2,Repeat Customer,944.1,Occasional
13262,1,One-time Customer,200.29,One-time
13263,35,Repeat Customer,7454.07,Loyal
13265,5,Repeat Customer,2107.6600000000003,Regular
13266,12,Repeat Customer,3834.26,Loyal
13267,19,Repeat Customer,4521.49,Loyal
13268,11,Repeat Customer,3214.69,Loyal
13269,15,Repeat Customer,5346.23,Loyal
13270,1,One-time Customer,590.0,One-time
13271,1,One-time Customer,217.38,One-time
13272,2,Repeat Customer,276.56000000000006,Occasional
13273,1,One-time Customer,138.98,One-time
13276,2,Repeat Customer,590.93,Occasional
13277,4,Repeat Customer,258.4,Regular
13278,1,One-time Customer,542.73,One-time
13279,1,One-time Customer,137.75,One-time
13280,3,Repeat Customer,814.86,Occasional
13282,3,Repeat Customer,1132.14,Occasional
13283,2,Repeat Customer,93.66,Occasional
13284,1,One-time Customer,201.19,One-time
13285,4,Repeat Customer,2709.1200000000003,Regular
13291,1,One-time Customer,361.11,One-time
13292,2,Repeat Customer,578.9399999999999,Occasional
13294,2,Repeat Customer,873.74,Occasional
13295,1,One-time Customer,201.2,One-time
13296,1,One-time Customer,87.4,One-time
13297,4,Repeat Customer,2089.85,Regular
13298,1,One-time Customer,360.0,One-time
13299,1,One-time Customer,142.5,One-time
13300,1,One-time Customer,371.89,One-time
13301,4,Repeat Customer,618.09,Regular
13302,1,One-time Customer,63.75,One-time
13304,1,One-time Customer,300.41999999999996,One-time
13305,10,Repeat Customer,2000.8599999999997,Regular
13307,1,One-time Customer,15.0,One-time
13308,3,Repeat Customer,1385.51,Occasional
13309,5,Repeat Customer,1456.79,Regular
13310,3,Repeat Customer,1132.0300000000002,Occasional
13311,2,Repeat Customer,598.57,Occasional
13313,5,Repeat Customer,1555.32,Regular
13314,3,Repeat Customer,775.94,Occasional
13316,4,Repeat Customer,5977.7300000000005,Regular
13317,6,Repeat Customer,2273.68,Regular
13318,3,Repeat Customer,640.7600000000001,Occasional
13319,26,Repeat Customer,10845.55,Loyal
13320,4,Repeat Customer,1548.6999999999998,Regular
13321,2,Repeat Customer,567.36,Occasional
13322,1,One-time Customer,199.48,One-time
13323,5,Repeat Customer,787.8499999999999,Regular
13324,10,Repeat Customer,7121.95,Regular
13325,1,One-time Customer,675.3,One-time
13327,8,Repeat Customer,3627.77,Regular
13328,1,One-time Customer,1308.48,One-time
13329,2,Repeat Customer,789.0,Occasional
13330,3,Repeat Customer,1140.93,Occasional
13332,1,One-time Customer,350.9,One-time
13334,3,Repeat Customer,3536.8200000000006,Occasional
13336,1,One-time Customer,795.1200000000001,One-time
13338,1,One-time Customer,487.02000000000004,One-time
13339,1,One-time Customer,860.12,One-time
13340,7,Repeat Customer,10736.48,Regular
13341,1,One-time Customer,775.8499999999999,One-time
13343,1,One-time Customer,353.43,One-time
13344,3,Repeat Customer,2543.7200000000007,Occasional
13345,1,One-time Customer,389.5,One-time
13347,1,One-time Customer,341.36,One-time
13348,1,One-time Customer,233.76,One-time
13349,1,One-time Customer,247.32,One-time
13350,2,Repeat Customer,979.12,Occasional
13351,1,One-time Customer,373.94,One-time
13352,1,One-time Customer,397.97999999999996,One-time
13354,1,One-time Customer,743.5300000000001,One-time
13355,1,One-time Customer,674.7,One-time
13356,1,One-time Customer,768.2400000000001,One-time
13357,1,One-time Customer,609.95,One-time
13358,1,One-time Customer,439.03000000000003,One-time
13359,1,One-time Customer,439.55999999999995,One-time
13362,4,Repeat Customer,3090.7400000000002,Regular
13363,2,Repeat Customer,992.5,Occasional
13364,1,One-time Customer,134.96,One-time
13365,2,Repeat Customer,2225.37,Occasional
13366,1,One-time Customer,56.160000000000004,One-time
13368,2,Repeat Customer,623.4,Occasional
13369,1,One-time Customer,308.28,One-time
13370,1,One-time Customer,754.8700000000001,One-time
13372,1,One-time Customer,378.63999999999993,One-time
13373,3,Repeat Customer,3312.2500000000005,Occasional
13375,1,One-time Customer,778.65,One-time
13376,3,Repeat Customer,1019.76,Occasional
13379,3,Repeat Customer,572.56,Occasional
13381,6,Repeat Customer,3639.31,Regular
13382,1,One-time Customer,222.99,One-time
13384,7,Repeat Customer,4151.93,Regular
13385,1,One-time Customer,534.5699999999999,One-time
13388,2,Repeat Customer,677.1,Occasional
13389,3,Repeat Customer,797.9599999999999,Occasional
13390,1,One-time Customer,544.08,One-time
13391,1,One-time Customer,59.8,One-time
13394,8,Repeat Customer,2520.0200000000004,Regular
13395,1,One-time Customer,307.71999999999997,One-time
13396,2,Repeat Customer,1360.99,Occasional
13397,5,Repeat Customer,1544.1299999999999,Regular
13398,1,One-time Customer,457.34000000000003,One-time
13402,2,Repeat Customer,621.2300000000002,Occasional
13403,1,One-time Customer,75.0,One-time
13404,2,Repeat Customer,252.49,Occasional
13405,3,Repeat Customer,572.4509999999999,Occasional
13408,62,Repeat Customer,28117.04,Loyal
13410,5,Repeat Customer,1003.0600000000002,Regular
13411,1,One-time Customer,213.55,One-time
13414,3,Repeat Customer,1390.5,Occasional
13416,2,Repeat Customer,712.5,Occasional
13417,2,Repeat Customer,640.83,Occasional
13418,18,Repeat Customer,6127.43,Loyal
13419,1,One-time Customer,221.06,One-time
13420,2,Repeat Customer,159.85,Occasional
13421,2,Repeat Customer,1851.08,Occasional
13422,1,One-time Customer,2626.3,One-time
13425,3,Repeat Customer,1624.2100000000003,Occasional
13426,10,Repeat Customer,3641.3199999999997,Regular
13427,3,Repeat Customer,582.6,Occasional
13428,1,One-time Customer,218.46999999999997,One-time
13429,4,Repeat Customer,1006.7999999999998,Regular
13430,2,Repeat Customer,679.4499999999999,Occasional
13431,2,Repeat Customer,1269.1,Occasional
13434,2,Repeat Customer,534.24,Occasional
13435,7,Repeat Customer,3809.89,Regular
13436,1,One-time Customer,196.88999999999996,One-time
13437,7,Repeat Customer,3408.0600000000004,Regular
13439,1,One-time Customer,283.71,One-time
13441,1,One-time Customer,296.64000000000004,One-time
13447,3,Repeat Customer,1129.1400000000003,Occasional
13448,6,Repeat Customer,3539.3700000000003,Regular
13449,1,One-time Customer,291.88000000000005,One-time
13450,6,Repeat Customer,2043.72,Regular
13451,5,Repeat Customer,2976.15,Regular
13452,2,Repeat Customer,590.0,Occasional
13453,2,Repeat Customer,356.97999999999996,Occasional
13455,2,Repeat Customer,1058.3400000000001,Occasional
13456,6,Repeat Customer,1766.72,Regular
13458,14,Repeat Customer,9646.57,Loyal
13460,2,Repeat Customer,183.44,Occasional
13461,3,Repeat Customer,1445.0000000000002,Occasional
13462,1,One-time Customer,151.5,One-time
13464,1,One-time Customer,674.6800000000001,One-time
13466,1,One-time Customer,307.90000000000003,One-time
13467,2,Repeat Customer,1083.71,Occasional
13468,37,Repeat Customer,5704.969999999999,Loyal
13470,2,Repeat Customer,165.0,Occasional
13471,4,Repeat Customer,2531.58,Regular
13473,2,Repeat Customer,422.64000000000004,Occasional
13474,1,One-time Customer,229.59,One-time
13475,4,Repeat Customer,1431.7800000000002,Regular
13476,2,Repeat Customer,1238.47,Occasional
13477,6,Repeat Customer,1454.5800000000002,Regular
13479,2,Repeat Customer,300.95,Occasional
13481,5,Repeat Customer,1804.5600000000002,Regular
13482,1,One-time Customer,184.64,One-time
13483,1,One-time Customer,140.34,One-time
13484,1,One-time Customer,313.8,One-time
13485,1,One-time Customer,454.24,One-time
13486,3,Repeat Customer,1122.4099999999999,Occasional
13487,3,Repeat Customer,575.4000000000001,Occasional
13488,13,Repeat Customer,8968.31,Loyal
13489,4,Repeat Customer,449.52,Regular
13491,10,Repeat Customer,1215.8199999999997,Regular
13492,3,Repeat Customer,1269.84,Occasional
13493,2,Repeat Customer,618.63,Occasional
13494,1,One-time Customer,316.26000000000005,One-time
13495,5,Repeat Customer,2044.87,Regular
13496,2,Repeat Customer,653.3299999999999,Occasional
13497,2,Repeat Customer,348.04999999999995,Occasional
13499,5,Repeat Customer,1159.11,Regular
13500,3,Repeat Customer,1166.77,Occasional
13501,1,One-time Customer,1340.32,One-time
13502,3,Repeat Customer,291.99999999999994,Occasional
13503,1,One-time Customer,216.85000000000002,One-time
13504,1,One-time Customer,295.93000000000006,One-time
13505,4,Repeat Customer,4393.63,Regular
13506,2,Repeat Customer,458.52,Occasional
13507,4,Repeat Customer,2479.16,Regular
13508,1,One-time Customer,110.97000000000003,One-time
13509,7,Repeat Customer,979.72,Regular
13510,4,Repeat Customer,1791.56,Regular
13512,1,One-time Customer,251.20999999999998,One-time
13513,1,One-time Customer,205.09999999999997,One-time
13514,1,One-time Customer,152.20000000000002,One-time
13515,4,Repeat Customer,891.12,Regular
13516,3,Repeat Customer,1389.4100000000003,Occasional
13517,3,Repeat Customer,2128.42,Occasional
13518,1,One-time Customer,659.4399999999998,One-time
13519,1,One-time Customer,122.75,One-time
13520,6,Repeat Customer,3624.3499999999995,Regular
13521,3,Repeat Customer,1093.65,Occasional
13522,1,One-time Customer,125.80000000000001,One-time
13523,5,Repeat Customer,3964.88,Regular
13524,5,Repeat Customer,680.1800000000001,Regular
13525,2,Repeat Customer,628.78,Occasional
13527,7,Repeat Customer,2287.51,Regular
13529,2,Repeat Customer,307.76,Occasional
13531,2,Repeat Customer,483.80000000000007,Occasional
13532,1,One-time Customer,210.30999999999995,One-time
13533,3,Repeat Customer,270.79,Occasional
13534,25,Repeat Customer,5870.08,Loyal
13536,7,Repeat Customer,3448.29,Regular
13538,7,Repeat Customer,1280.8500000000001,Regular
13539,3,Repeat Customer,631.34,Occasional
13544,2,Repeat Customer,291.40999999999997,Occasional
13546,3,Repeat Customer,626.99,Occasional
13548,2,Repeat Customer,682.4100000000001,Occasional
13549,7,Repeat Customer,918.1999999999999,Regular
13551,1,One-time Customer,91.80000000000001,One-time
13552,12,Repeat Customer,3740.0699999999997,Loyal
13555,4,Repeat Customer,4149.280000000001,Regular
13557,2,Repeat Customer,584.06,Occasional
13558,4,Repeat Customer,605.06,Regular
13560,1,One-time Customer,174.36999999999998,One-time
13561,1,One-time Customer,141.86,One-time
13562,3,Repeat Customer,1799.33,Occasional
13563,2,Repeat Customer,777.53,Occasional
13564,3,Repeat Customer,1749.0200000000004,Occasional
13565,2,Repeat Customer,240.22,Occasional
13566,2,Repeat Customer,874.71,Occasional
13568,1,One-time Customer,192.85,One-time
13569,2,Repeat Customer,373.74999999999994,Occasional
13570,1,One-time Customer,239.49000000000004,One-time
13571,12,Repeat Customer,2092.3199999999997,Loyal
13572,1,One-time Customer,1384.2499999999998,One-time
13573,2,Repeat Customer,294.4,Occasional
13575,5,Repeat Customer,732.07,Regular
13576,18,Repeat Customer,6717.34,Loyal
13577,4,Repeat Customer,1687.6000000000001,Regular
13579,2,Repeat Customer,467.0400000000001,Occasional
13581,1,One-time Customer,118.0,One-time
13583,1,One-time Customer,781.03,One-time
13584,1,One-time Customer,142.4,One-time
13587,1,One-time Customer,712.4,One-time
13588,9,Repeat Customer,2478.95,Regular
13589,2,Repeat Customer,379.65000000000003,Occasional
13590,6,Repeat Customer,1981.9199999999994,Regular
13591,3,Repeat Customer,1117.1299999999997,Occasional
13592,4,Repeat Customer,247.95999999999998,Regular
13593,5,Repeat Customer,2037.0800000000002,Regular
13594,1,One-time Customer,396.97,One-time
13596,2,Repeat Customer,697.0400000000001,Occasional
13598,1,One-time Customer,180.17000000000002,One-time
13599,21,Repeat Customer,5153.67,Loyal
13600,1,One-time Customer,219.51999999999998,One-time
13601,2,Repeat Customer,693.32,Occasional
13602,1,One-time Customer,428.89,One-time
13603,1,One-time Customer,164.34,One-time
13606,3,Repeat Customer,280.53999999999996,Occasional
13607,1,One-time Customer,678.0100000000001,One-time
13610,7,Repeat Customer,1131.88,Regular
13611,3,Repeat Customer,1171.7999999999997,Occasional
13614,4,Repeat Customer,1610.46,Regular
13615,1,One-time Customer,417.6900000000001,One-time
13617,3,Repeat Customer,544.1800000000001,Occasional
13618,1,One-time Customer,177.34,One-time
13621,1,One-time Customer,213.85,One-time
13623,5,Repeat Customer,747.7800000000001,Regular
13626,1,One-time Customer,257.22999999999996,One-time
13627,5,Repeat Customer,1638.47,Regular
13629,11,Repeat Customer,7792.360000000001,Loyal
13630,7,Repeat Customer,2031.7800000000002,Regular
13631,11,Repeat Customer,3070.42,Loyal
13632,5,Repeat Customer,2121.27,Regular
13634,5,Repeat Customer,1575.1599999999999,Regular
13635,1,One-time Customer,1071.03,One-time
13636,5,Repeat Customer,949.12,Regular
13637,3,Repeat Customer,810.5,Occasional
13638,1,One-time Customer,122.64,One-time
13639,1,One-time Customer,1033.3400000000001,One-time
13642,1,One-time Customer,354.8,One-time
13643,3,Repeat Customer,519.44,Occasional
13644,4,Repeat Customer,2624.26,Regular
13645,1,One-time Customer,252.1,One-time
13647,4,Repeat Customer,1678.1200000000001,Regular
13649,2,Repeat Customer,346.6,Occasional
13650,6,Repeat Customer,1836.3400000000001,Regular
13651,2,Repeat Customer,94.2,Occasional
13652,3,Repeat Customer,1095.08,Occasional
13654,6,Repeat Customer,2707.33,Regular
13655,2,Repeat Customer,932.97,Occasional
13656,2,Repeat Customer,379.65000000000003,Occasional
13657,2,Repeat Customer,382.14,Occasional
13658,5,Repeat Customer,2639.1700000000005,Regular
13659,2,Repeat Customer,1573.1999999999998,Occasional
13662,3,Repeat Customer,897.76,Occasional
13663,1,One-time Customer,189.46999999999997,One-time
13666,3,Repeat Customer,84.65,Occasional
13667,1,One-time Customer,305.0199999999999,One-time
13668,21,Repeat Customer,6363.59,Loyal
13669,2,Repeat Customer,218.55,Occasional
13670,1,One-time Customer,349.7,One-time
13672,2,Repeat Customer,186.39,Occasional
13673,2,Repeat Customer,396.91999999999996,Occasional
13675,2,Repeat Customer,486.82000000000005,Occasional
13678,1,One-time Customer,232.6,One-time
13680,4,Repeat Customer,3722.42,Regular
13681,4,Repeat Customer,827.83,Regular
13682,1,One-time Customer,59.5,One-time
13684,1,One-time Customer,67.23,One-time
13685,7,Repeat Customer,3119.44,Regular
13686,1,One-time Customer,72.0,One-time
13689,1,One-time Customer,910.0,One-time
13690,1,One-time Customer,172.25,One-time
13692,3,Repeat Customer,1488.32,Occasional
13694,50,Repeat Customer,65039.619999999995,Loyal
13695,15,Repeat Customer,2504.13,Loyal
13697,1,One-time Customer,151.3,One-time
13699,1,One-time Customer,308.58,One-time
13700,10,Repeat Customer,2265.12,Regular
13703,1,One-time Customer,99.5,One-time
13704,9,Repeat Customer,2308.0600000000004,Regular
13705,3,Repeat Customer,711.86,Occasional
13706,1,One-time Customer,330.79,One-time
13707,2,Repeat Customer,806.41,Occasional
13708,1,One-time Customer,296.88,One-time
13709,13,Repeat Customer,6328.05,Loyal
13710,1,One-time Customer,180.48,One-time
13711,2,Repeat Customer,252.06000000000003,Occasional
13712,1,One-time Customer,228.83999999999997,One-time
13715,5,Repeat Customer,1079.3400000000001,Regular
13716,1,One-time Customer,138.28,One-time
13717,6,Repeat Customer,1445.0100000000002,Regular
13718,2,Repeat Customer,306.55,Occasional
13719,5,Repeat Customer,1041.68,Regular
13720,4,Repeat Customer,799.9,Regular
13721,1,One-time Customer,524.1400000000001,One-time
13722,3,Repeat Customer,2375.41,Occasional
13723,1,One-time Customer,199.85000000000002,One-time
13725,8,Repeat Customer,1980.56,Regular
13726,2,Repeat Customer,1079.6599999999999,Occasional
13727,2,Repeat Customer,333.48,Occasional
13728,6,Repeat Customer,1016.1400000000001,Regular
13730,2,Repeat Customer,752.6,Occasional
13731,2,Repeat Customer,610.59,Occasional
13732,1,One-time Customer,491.86000000000007,One-time
13735,4,Repeat Customer,2885.2399999999993,Regular
13736,2,Repeat Customer,731.8999999999999,Occasional
13737,1,One-time Customer,339.6,One-time
13739,1,One-time Customer,216.9,One-time
13740,1,One-time Customer,350.75,One-time
13741,3,Repeat Customer,668.4300000000001,Occasional
13742,12,Repeat Customer,3131.0199999999995,Loyal
13743,7,Repeat Customer,1341.6,Regular
13744,2,Repeat Customer,1156.36,Occasional
13745,1,One-time Customer,300.03999999999996,One-time
13747,1,One-time Customer,79.6,One-time
13748,5,Repeat Customer,948.2500000000001,Regular
13750,5,Repeat Customer,1647.26,Regular
13751,1,One-time Customer,296.25,One-time
13752,6,Repeat Customer,1186.28,Regular
13753,1,One-time Customer,741.26,One-time
13754,2,Repeat Customer,282.6,Occasional
13755,9,Repeat Customer,2161.35,Regular
13756,14,Repeat Customer,5189.52,Loyal
13758,7,Repeat Customer,3190.55,Regular
13759,2,Repeat Customer,659.41,Occasional
13760,2,Repeat Customer,286.78999999999996,Occasional
13761,2,Repeat Customer,1070.65,Occasional
13762,1,One-time Customer,306.72,One-time
13763,1,One-time Customer,1714.9599999999998,One-time
13764,3,Repeat Customer,1521.7600000000002,Occasional
13767,37,Repeat Customer,17220.36,Loyal
13769,10,Repeat Customer,2796.51,Regular
13771,4,Repeat Customer,2634.45,Regular
13772,3,Repeat Customer,1132.13,Occasional
13774,1,One-time Customer,345.0,One-time
13777,33,Repeat Customer,25977.160000000003,Loyal
13778,1,One-time Customer,178.7,One-time
13780,2,Repeat Customer,360.01000000000005,Occasional
13781,1,One-time Customer,127.84,One-time
13782,6,Repeat Customer,912.0,Regular
13784,11,Repeat Customer,2462.7899999999995,Loyal
13786,1,One-time Customer,230.4,One-time
13787,2,Repeat Customer,309.04,Occasional
13790,1,One-time Customer,348.79999999999995,One-time
13791,2,Repeat Customer,1516.0,Occasional
13792,2,Repeat Customer,195.54999999999995,Occasional
13798,57,Repeat Customer,37153.85,Loyal
13799,2,Repeat Customer,688.8600000000001,Occasional
13800,1,One-time Customer,558.32,One-time
13801,1,One-time Customer,324.79999999999995,One-time
13802,3,Repeat Customer,4599.42,Occasional
13803,1,One-time Customer,277.07000000000005,One-time
13804,7,Repeat Customer,2635.79,Regular
13805,2,Repeat Customer,924.5999999999999,Occasional
13806,1,One-time Customer,256.38,One-time
13807,1,One-time Customer,112.6,One-time
13808,5,Repeat Customer,1747.6600000000003,Regular
13809,1,One-time Customer,155.05,One-time
13810,3,Repeat Customer,1499.0100000000002,Occasional
13811,3,Repeat Customer,814.5,Occasional
13812,3,Repeat Customer,539.0,Occasional
13813,4,Repeat Customer,1366.8600000000001,Regular
13814,2,Repeat Customer,1579.1200000000001,Occasional
13815,4,Repeat Customer,4027.36,Regular
13816,2,Repeat Customer,571.6700000000001,Occasional
13817,2,Repeat Customer,382.97999999999996,Occasional
13819,3,Repeat Customer,1140.35,Occasional
13821,2,Repeat Customer,385.64,Occasional
13822,2,Repeat Customer,632.0,Occasional
13823,2,Repeat Customer,957.66,Occasional
13824,5,Repeat Customer,1698.94,Regular
13826,1,One-time Customer,189.5,One-time
13827,3,Repeat Customer,412.05,Occasional
13828,1,One-time Customer,209.49000000000004,One-time
13831,6,Repeat Customer,2202.99,Regular
13832,1,One-time Customer,52.199999999999996,One-time
13833,1,One-time Customer,384.7999999999999,One-time
13835,4,Repeat Customer,834.57,Regular
13837,2,Repeat Customer,271.24,Occasional
13838,4,Repeat Customer,691.7299999999999,Regular
13841,1,One-time Customer,85.0,One-time
13842,9,Repeat Customer,3385.6200000000003,Regular
13844,1,One-time Customer,361.62,One-time
13845,1,One-time Customer,312.98,One-time
13846,3,Repeat Customer,865.0600000000002,Occasional
13848,3,Repeat Customer,1255.0,Occasional
13849,2,Repeat Customer,1537.95,Occasional
13850,1,One-time Customer,1595.4800000000002,One-time
13851,3,Repeat Customer,2651.4599999999996,Occasional
13853,1,One-time Customer,1090.1399999999999,One-time
13854,25,Repeat Customer,8109.52,Loyal
13856,3,Repeat Customer,388.5,Occasional
13858,1,One-time Customer,216.17000000000002,One-time
13859,1,One-time Customer,201.16,One-time
13860,5,Repeat Customer,1245.9,Regular
13862,8,Repeat Customer,2209.36,Regular
13863,1,One-time Customer,305.78,One-time
13865,4,Repeat Customer,501.56,Regular
13866,1,One-time Customer,145.67,One-time
13867,3,Repeat Customer,1015.29,Occasional
13868,2,Repeat Customer,3192.54,Occasional
13869,4,Repeat Customer,3104.95,Regular
13870,8,Repeat Customer,2770.94,Regular
13871,13,Repeat Customer,6403.25,Loyal
13873,3,Repeat Customer,389.59999999999997,Occasional
13874,1,One-time Customer,540.45,One-time
13875,5,Repeat Customer,1786.79,Regular
13876,1,One-time Customer,122.69999999999999,One-time
13877,1,One-time Customer,117.24000000000001,One-time
13878,1,One-time Customer,1281.53,One-time
13880,13,Repeat Customer,3219.7700000000004,Loyal
13881,20,Repeat Customer,17159.52,Loyal
13882,5,Repeat Customer,1191.13,Regular
13883,5,Repeat Customer,2674.48,Regular
13884,5,Repeat Customer,787.6000000000001,Regular
13885,2,Repeat Customer,506.8,Occasional
13886,1,One-time Customer,243.56,One-time
13887,1,One-time Customer,349.54999999999995,One-time
13888,2,Repeat Customer,605.63,Occasional
13889,1,One-time Customer,416.9,One-time
13890,10,Repeat Customer,1883.8100000000004,Regular
13892,4,Repeat Customer,632.97,Regular
13893,1,One-time Customer,821.1000000000001,One-time
13894,3,Repeat Customer,564.6200000000001,Occasional
13895,4,Repeat Customer,2593.0699999999997,Regular
13897,1,One-time Customer,311.15999999999997,One-time
13898,1,One-time Customer,155.93,One-time
13899,2,Repeat Customer,388.52,Occasional
13900,3,Repeat Customer,740.9499999999999,Occasional
13901,5,Repeat Customer,2867.2,Regular
13904,2,Repeat Customer,332.64000000000004,Occasional
13908,4,Repeat Customer,2369.55,Regular
13911,9,Repeat Customer,2580.91,Regular
13914,2,Repeat Customer,626.45,Occasional
13917,2,Repeat Customer,272.03999999999996,Occasional
13918,2,Repeat Customer,1212.8400000000004,Occasional
13919,2,Repeat Customer,384.81000000000006,Occasional
13922,1,One-time Customer,172.24999999999997,One-time
13923,1,One-time Customer,351.13000000000005,One-time
13924,6,Repeat Customer,1838.85,Regular
13925,4,Repeat Customer,678.25,Regular
13926,1,One-time Customer,223.85000000000002,One-time
13927,1,One-time Customer,348.99000000000007,One-time
13928,4,Repeat Customer,464.57,Regular
13929,2,Repeat Customer,842.65,Occasional
13930,2,Repeat Customer,337.34,Occasional
13931,2,Repeat Customer,1237.53,Occasional
13932,1,One-time Customer,307.4,One-time
13933,2,Repeat Customer,608.7899999999998,Occasional
13934,1,One-time Customer,922.0999999999999,One-time
13936,1,One-time Customer,376.5799999999999,One-time
13937,1,One-time Customer,158.85,One-time
13938,1,One-time Customer,71.66,One-time
13939,3,Repeat Customer,568.55,Occasional
13940,4,Repeat Customer,839.14,Regular
13941,5,Repeat Customer,5112.96,Regular
13946,3,Repeat Customer,561.57,Occasional
13947,1,One-time Customer,90.6,One-time
13948,1,One-time Customer,101.99999999999999,One-time
13949,6,Repeat Customer,2427.3199999999997,Regular
13950,4,Repeat Customer,745.0600000000001,Regular
13951,3,Repeat Customer,674.4499999999998,Occasional
13952,2,Repeat Customer,3251.071,Occasional
13953,7,Repeat Customer,3515.6799999999994,Regular
13954,2,Repeat Customer,439.92,Occasional
13955,2,Repeat Customer,322.96,Occasional
13956,5,Repeat Customer,1026.42,Regular
13959,3,Repeat Customer,598.1999999999999,Occasional
13960,2,Repeat Customer,230.22,Occasional
13962,2,Repeat Customer,169.55,Occasional
13963,4,Repeat Customer,664.5400000000001,Regular
13967,1,One-time Customer,80.7,One-time
13969,18,Repeat Customer,9053.939999999999,Loyal
13971,8,Repeat Customer,2758.26,Regular
13972,2,Repeat Customer,190.25000000000003,Occasional
13973,1,One-time Customer,264.7,One-time
13974,1,One-time Customer,413.59,One-time
13975,6,Repeat Customer,2526.2799999999997,Regular
13976,1,One-time Customer,357.98,One-time
13978,2,Repeat Customer,196.79,Occasional
13979,1,One-time Customer,869.8699999999998,One-time
13980,1,One-time Customer,200.14000000000001,One-time
13982,4,Repeat Customer,1871.81,Regular
13983,12,Repeat Customer,2603.4300000000003,Loyal
13984,5,Repeat Customer,920.51,Regular
13985,15,Repeat Customer,7060.13,Loyal
13986,1,One-time Customer,320.46000000000004,One-time
13988,6,Repeat Customer,4147.96,Regular
13989,2,Repeat Customer,1266.08,Occasional
13990,1,One-time Customer,311.3,One-time
13991,6,Repeat Customer,855.9700000000001,Regular
13992,1,One-time Customer,76.8,One-time
13993,9,Repeat Customer,3466.3600000000006,Regular
13994,6,Repeat Customer,2313.1400000000003,Regular
13995,5,Repeat Customer,1393.69,Regular
13999,12,Repeat Customer,3901.81,Loyal
14000,1,One-time Customer,635.6600000000001,One-time
14001,3,Repeat Customer,2043.0800000000002,Occasional
14002,2,Repeat Customer,529.7299999999999,Occasional
14004,7,Repeat Customer,4582.639999999999,Regular
14005,5,Repeat Customer,2874.72,Regular
14006,3,Repeat Customer,962.1899999999999,Occasional
14009,2,Repeat Customer,695.6099999999999,Occasional
14012,1,One-time Customer,328.8,One-time
14013,3,Repeat Customer,473.02,Occasional
14014,1,One-time Customer,505.18,One-time
14015,1,One-time Customer,917.34,One-time
14016,4,Repeat Customer,4341.21,Regular
14019,3,Repeat Customer,1421.61,Occasional
14020,2,Repeat Customer,642.8000000000001,Occasional
14021,3,Repeat Customer,631.9000000000001,Occasional
14022,1,One-time Customer,440.0,One-time
14023,2,Repeat Customer,584.0699999999999,Occasional
14024,2,Repeat Customer,327.70000000000005,Occasional
14027,1,One-time Customer,104.82000000000002,One-time
14029,2,Repeat Customer,467.66,Occasional
14030,8,Repeat Customer,2360.0899999999997,Regular
14031,19,Repeat Customer,17286.86,Loyal
14032,11,Repeat Customer,2975.59,Loyal
14034,3,Repeat Customer,651.8199999999999,Occasional
14035,5,Repeat Customer,1428.0200000000002,Regular
14036,1,One-time Customer,626.65,One-time
14037,2,Repeat Customer,147.2,Occasional
14038,3,Repeat Customer,1560.3799999999994,Occasional
14039,1,One-time Customer,152.2,One-time
14040,12,Repeat Customer,3614.92,Loyal
14041,1,One-time Customer,141.41,One-time
14044,4,Repeat Customer,652.8199999999999,Regular
14045,4,Repeat Customer,1659.75,Regular
14046,1,One-time Customer,154.99,One-time
14047,5,Repeat Customer,1308.6100000000001,Regular
14048,1,One-time Customer,409.93,One-time
14049,4,Repeat Customer,5681.72,Regular
14050,2,Repeat Customer,746.3599999999999,Occasional
14051,23,Repeat Customer,15610.390000000003,Loyal
14052,1,One-time Customer,225.36,One-time
14053,2,Repeat Customer,260.25,Occasional
14054,1,One-time Customer,92.46,One-time
14055,1,One-time Customer,725.6400000000001,One-time
14056,23,Repeat Customer,8214.65,Loyal
14057,17,Repeat Customer,6217.959999999999,Loyal
14059,1,One-time Customer,183.6,One-time
14060,19,Repeat Customer,6140.42,Loyal
14062,12,Repeat Customer,10464.850000000002,Loyal
14064,5,Repeat Customer,1353.74,Regular
14066,1,One-time Customer,152.55,One-time
14067,2,Repeat Customer,374.7,Occasional
14068,1,One-time Customer,265.85,One-time
14071,8,Repeat Customer,1438.8200000000002,Regular
14073,1,One-time Customer,151.04,One-time
14075,3,Repeat Customer,942.26,Occasional
14076,1,One-time Customer,122.47,One-time
14077,5,Repeat Customer,499.4200000000001,Regular
14078,6,Repeat Customer,1049.37,Regular
14079,1,One-time Customer,375.0999999999999,One-time
14080,1,One-time Customer,45.599999999999994,One-time
14081,2,Repeat Customer,934.52,Occasional
14082,1,One-time Customer,182.24999999999997,One-time
14083,9,Repeat Customer,1018.4300000000001,Regular
14085,18,Repeat Customer,4448.540000000001,Loyal
14087,1,One-time Customer,194.42,One-time
14088,13,Repeat Customer,50491.81,Loyal
14089,1,One-time Customer,161.0,One-time
14090,1,One-time Customer,76.32000000000001,One-time
14092,14,Repeat Customer,4076.91,Loyal
14093,1,One-time Customer,442.84999999999997,One-time
14096,17,Repeat Customer,65164.79,Loyal
14098,1,One-time Customer,147.34999999999997,One-time
14099,11,Repeat Customer,3104.17,Loyal
14100,1,One-time Customer,194.90000000000003,One-time
14101,6,Repeat Customer,5976.790000000001,Regular
14102,5,Repeat Customer,1360.28,Regular
14104,2,Repeat Customer,216.20999999999998,Occasional
14105,1,One-time Customer,1266.23,One-time
14107,7,Repeat Customer,2703.23,Regular
14108,2,Repeat Customer,597.9100000000001,Occasional
14109,1,One-time Customer,144.2,One-time
14110,12,Repeat Customer,5683.1500000000015,Loyal
14111,4,Repeat Customer,692.85,Regular
14112,7,Repeat Customer,2915.15,Regular
14113,4,Repeat Customer,1840.4199999999998,Regular
14114,2,Repeat Customer,386.53,Occasional
14116,5,Repeat Customer,1382.7399999999998,Regular
14117,1,One-time Customer,90.0,One-time
14121,4,Repeat Customer,2780.15,Regular
14124,1,One-time Customer,419.58000000000004,One-time
14125,3,Repeat Customer,2740.4300000000003,Occasional
14126,3,Repeat Customer,706.1300000000001,Occasional
14127,3,Repeat Customer,709.7099999999999,Occasional
14128,2,Repeat Customer,637.5000000000002,Occasional
14129,5,Repeat Customer,1123.8600000000001,Regular
14130,1,One-time Customer,483.86,One-time
14132,11,Repeat Customer,3586.0299999999997,Loyal
14133,3,Repeat Customer,605.6399999999999,Occasional
14135,15,Repeat Customer,4690.3099999999995,Loyal
14138,2,Repeat Customer,982.3800000000002,Occasional
14139,1,One-time Customer,415.81999999999994,One-time
14140,2,Repeat Customer,935.05,Occasional
14141,4,Repeat Customer,915.1300000000001,Regular
14142,1,One-time Customer,311.81,One-time
14143,1,One-time Customer,115.8,One-time
14145,4,Repeat Customer,3742.2,Regular
14146,5,Repeat Customer,4191.0,Regular
14147,2,Repeat Customer,483.4,Occasional
14148,1,One-time Customer,157.2,One-time
14149,1,One-time Customer,446.62000000000006,One-time
14150,2,Repeat Customer,658.64,Occasional
14152,2,Repeat Customer,621.29,Occasional
14154,2,Repeat Customer,1345.62,Occasional
14155,1,One-time Customer,118.75,One-time
14156,55,Repeat Customer,117379.63,Loyal
14157,2,Repeat Customer,432.88,Occasional
14158,1,One-time Customer,507.65999999999997,One-time
14159,11,Repeat Customer,4693.01,Loyal
14161,3,Repeat Customer,1110.52,Occasional
14162,2,Repeat Customer,289.36,Occasional
14163,4,Repeat Customer,2445.9100000000003,Regular
14164,2,Repeat Customer,1631.7700000000004,Occasional
14165,1,One-time Customer,122.54,One-time
14167,4,Repeat Customer,574.84,Regular
14171,1,One-time Customer,363.79,One-time
14173,4,Repeat Customer,450.8400000000001,Regular
14174,1,One-time Customer,134.46,One-time
14175,3,Repeat Customer,3222.3,Occasional
14176,4,Repeat Customer,576.9,Regular
14177,4,Repeat Customer,559.4100000000001,Regular
14178,7,Repeat Customer,1620.9300000000003,Regular
14179,2,Repeat Customer,719.78,Occasional
14180,25,Repeat Customer,4748.52,Loyal
14184,1,One-time Customer,452.89,One-time
14185,1,One-time Customer,197.65,One-time
14188,6,Repeat Customer,2054.36,Regular
14189,15,Repeat Customer,4654.08,Loyal
14191,13,Repeat Customer,4684.76,Loyal
14193,2,Repeat Customer,853.3900000000001,Occasional
14194,21,Repeat Customer,11349.52,Loyal
14195,2,Repeat Customer,1011.9999999999998,Occasional
14196,1,One-time Customer,335.52,One-time
14198,4,Repeat Customer,701.4,Regular
14199,1,One-time Customer,185.39999999999998,One-time
14201,7,Repeat Customer,747.4400000000002,Regular
14204,1,One-time Customer,161.02999999999994,One-time
14205,2,Repeat Customer,466.70000000000005,Occasional
14206,1,One-time Customer,328.15999999999997,One-time
14208,1,One-time Customer,151.73999999999998,One-time
14209,6,Repeat Customer,2073.4300000000003,Regular
14210,6,Repeat Customer,1905.8400000000001,Regular
14211,9,Repeat Customer,2241.1000000000004,Regular
14212,1,One-time Customer,1070.48,One-time
14214,5,Repeat Customer,1004.3800000000001,Regular
14215,6,Repeat Customer,1789.72,Regular
14216,4,Repeat Customer,1839.3000000000002,Regular
14217,17,Repeat Customer,2004.9799999999998,Loyal
14218,1,One-time Customer,169.48000000000002,One-time
14219,1,One-time Customer,89.94,One-time
14220,2,Repeat Customer,632.3999999999999,Occasional
14221,9,Repeat Customer,3432.8,Regular
14222,1,One-time Customer,683.1700000000001,One-time
14223,3,Repeat Customer,991.1300000000001,Occasional
14224,4,Repeat Customer,1050.1200000000001,Regular
14226,5,Repeat Customer,2232.19,Regular
14227,10,Repeat Customer,3350.96,Regular
14229,3,Repeat Customer,1547.2,Occasional
14231,3,Repeat Customer,925.71,Occasional
14232,5,Repeat Customer,2048.07,Regular
14233,4,Repeat Customer,1462.7200000000003,Regular
14234,4,Repeat Customer,775.4600000000003,Regular
14235,5,Repeat Customer,3144.86,Regular
14236,2,Repeat Customer,490.86,Occasional
14237,1,One-time Customer,161.00000000000003,One-time
14238,1,One-time Customer,146.85,One-time
14239,11,Repeat Customer,2380.8500000000004,Loyal
14240,2,Repeat Customer,890.3400000000001,Occasional
14241,1,One-time Customer,213.70000000000005,One-time
14242,2,Repeat Customer,280.55,Occasional
14243,10,Repeat Customer,2588.7699999999995,Regular
14245,2,Repeat Customer,1693.4499999999998,Occasional
14246,3,Repeat Customer,1474.0600000000002,Occasional
14247,1,One-time Customer,136.76999999999998,One-time
14248,1,One-time Customer,302.58,One-time
14250,3,Repeat Customer,1904.05,Occasional
14251,5,Repeat Customer,2879.7,Regular
14256,2,Repeat Customer,969.06,Occasional
14257,5,Repeat Customer,3099.7200000000003,Regular
14258,9,Repeat Customer,12669.98,Regular
14259,1,One-time Customer,120.0,One-time
14261,2,Repeat Customer,1163.45,Occasional
14262,8,Repeat Customer,2618.2299999999996,Regular
14264,2,Repeat Customer,333.97,Occasional
14265,2,Repeat Customer,530.18,Occasional
14267,3,Repeat Customer,1516.24,Occasional
14270,1,One-time Customer,492.65,One-time
14271,1,One-time Customer,112.32,One-time
14272,2,Repeat Customer,437.96000000000004,Occasional
14273,4,Repeat Customer,559.97,Regular
14276,3,Repeat Customer,1119.7400000000002,Occasional
14277,3,Repeat Customer,4216.2,Occasional
14280,1,One-time Customer,134.04,One-time
14282,15,Repeat Customer,3729.34,Loyal
14284,2,Repeat Customer,595.25,Occasional
14285,4,Repeat Customer,1910.0100000000002,Regular
14286,3,Repeat Customer,4628.75,Occasional
14287,3,Repeat Customer,176.63,Occasional
14288,1,One-time Customer,426.6,One-time
14289,6,Repeat Customer,911.26,Regular
14290,5,Repeat Customer,2314.6499999999996,Regular
14291,11,Repeat Customer,3883.25,Loyal
14292,9,Repeat Customer,4871.929999999999,Regular
14293,4,Repeat Customer,1046.56,Regular
14295,1,One-time Customer,166.2,One-time
14297,4,Repeat Customer,1305.3299999999997,Regular
14298,44,Repeat Customer,51527.299999999996,Loyal
14299,9,Repeat Customer,3965.62,Regular
14300,1,One-time Customer,43.2,One-time
14301,1,One-time Customer,640.1400000000001,One-time
14304,1,One-time Customer,383.45000000000005,One-time
14305,3,Repeat Customer,1858.9600000000003,Occasional
14306,2,Repeat Customer,2093.3199999999997,Occasional
14307,6,Repeat Customer,2995.72,Regular
14309,9,Repeat Customer,2352.53,Regular
14311,1,One-time Customer,310.26,One-time
14312,6,Repeat Customer,1611.59,Regular
14314,1,One-time Customer,120.0,One-time
14315,6,Repeat Customer,2481.13,Regular
14317,1,One-time Customer,508.58,One-time
14320,2,Repeat Customer,477.78999999999996,Occasional
14321,5,Repeat Customer,1530.7500000000002,Regular
14323,2,Repeat Customer,605.0600000000001,Occasional
14326,1,One-time Customer,183.85000000000002,One-time
14327,1,One-time Customer,311.65000000000003,One-time
14329,7,Repeat Customer,5014.839999999999,Regular
14331,2,Repeat Customer,462.65999999999997,Occasional
14332,3,Repeat Customer,866.3100000000001,Occasional
14333,1,One-time Customer,415.2,One-time
14334,8,Repeat Customer,2552.2100000000005,Regular
14335,2,Repeat Customer,468.25999999999993,Occasional
14336,4,Repeat Customer,1614.91,Regular
14338,2,Repeat Customer,588.2199999999999,Occasional
14339,1,One-time Customer,309.52,One-time
14340,1,One-time Customer,134.7,One-time
14341,8,Repeat Customer,2182.28,Regular
14342,4,Repeat Customer,668.5600000000002,Regular
14344,8,Repeat Customer,889.9300000000002,Regular
14345,1,One-time Customer,108.97999999999999,One-time
14346,2,Repeat Customer,1021.58,Occasional
14348,1,One-time Customer,409.57,One-time
14349,1,One-time Customer,133.5,One-time
14350,1,One-time Customer,282.92999999999995,One-time
14351,1,One-time Customer,51.0,One-time
14352,4,Repeat Customer,1078.9600000000003,Regular
14353,1,One-time Customer,90.6,One-time
14354,2,Repeat Customer,163.62,Occasional
14355,1,One-time Customer,174.4,One-time
14356,2,Repeat Customer,701.23,Occasional
14357,1,One-time Customer,225.76999999999998,One-time
14359,3,Repeat Customer,912.1800000000001,Occasional
14360,4,Repeat Customer,2128.2300000000005,Regular
14362,1,One-time Customer,161.2,One-time
14364,8,Repeat Customer,3717.35,Regular
14367,16,Repeat Customer,9261.52,Loyal
14368,1,One-time Customer,155.0,One-time
14371,1,One-time Customer,100.5,One-time
14373,1,One-time Customer,76.55,One-time
14375,1,One-time Customer,257.68,One-time
14377,2,Repeat Customer,617.05,Occasional
14379,2,Repeat Customer,348.1,Occasional
14381,1,One-time Customer,202.68,One-time
14382,1,One-time Customer,626.07,One-time
14383,3,Repeat Customer,1247.69,Occasional
14385,3,Repeat Customer,202.10999999999999,Occasional
14386,1,One-time Customer,142.4,One-time
14387,3,Repeat Customer,1770.5600000000002,Occasional
14388,8,Repeat Customer,3212.84,Regular
14389,2,Repeat Customer,1043.46,Occasional
14390,9,Repeat Customer,4652.82,Regular
14393,1,One-time Customer,67.94999999999999,One-time
14395,9,Repeat Customer,3507.71,Regular
14396,2,Repeat Customer,487.99000000000007,Occasional
14397,19,Repeat Customer,2612.96,Loyal
14400,1,One-time Customer,574.6999999999999,One-time
14401,13,Repeat Customer,4051.4799999999996,Loyal
14403,4,Repeat Customer,1475.8100000000002,Regular
14404,6,Repeat Customer,1474.32,Regular
14406,1,One-time Customer,156.75,One-time
14407,6,Repeat Customer,2157.73,Regular
14408,7,Repeat Customer,2606.53,Regular
14409,6,Repeat Customer,2059.4500000000003,Regular
14410,9,Repeat Customer,1105.07,Regular
14411,1,One-time Customer,1063.0,One-time
14412,2,Repeat Customer,770.0300000000001,Occasional
14413,1,One-time Customer,122.7,One-time
14414,7,Repeat Customer,1496.98,Regular
14415,13,Repeat Customer,5900.280000000001,Loyal
14416,2,Repeat Customer,490.2200000000001,Occasional
14418,3,Repeat Customer,1937.25,Occasional
14419,6,Repeat Customer,1058.06,Regular
14420,1,One-time Customer,387.52,One-time
14421,2,Repeat Customer,813.1100000000001,Occasional
14422,6,Repeat Customer,4263.639999999999,Regular
14423,1,One-time Customer,265.2,One-time
14424,1,One-time Customer,322.08,One-time
14426,10,Repeat Customer,4481.67,Regular
14427,2,Repeat Customer,363.34000000000003,Occasional
14428,5,Repeat Customer,1244.83,Regular
14431,1,One-time Customer,470.36,One-time
14432,6,Repeat Customer,2255.51,Regular
14434,6,Repeat Customer,1372.8,Regular
14436,1,One-time Customer,89.06,One-time
14437,1,One-time Customer,63.0,One-time
14438,1,One-time Customer,131.9,One-time
14439,1,One-time Customer,2661.24,One-time
14440,5,Repeat Customer,2357.6800000000003,Regular
14441,4,Repeat Customer,1712.8900000000003,Regular
14442,2,Repeat Customer,1589.82,Occasional
14443,4,Repeat Customer,1420.2,Regular
14446,4,Repeat Customer,1039.58,Regular
14447,5,Repeat Customer,1163.2300000000002,Regular
14448,2,Repeat Customer,375.35,Occasional
14449,4,Repeat Customer,907.1,Regular
14450,3,Repeat Customer,483.24999999999994,Occasional
14451,2,Repeat Customer,662.59,Occasional
14452,2,Repeat Customer,264.44,Occasional
14453,1,One-time Customer,119.93,One-time
14456,9,Repeat Customer,3062.3999999999996,Regular
14457,1,One-time Customer,113.64,One-time
14459,1,One-time Customer,1837.92,One-time
14460,3,Repeat Customer,434.34000000000003,Occasional
14461,3,Repeat Customer,2103.0599999999995,Occasional
14462,11,Repeat Customer,2004.02,Loyal
14463,3,Repeat Customer,529.62,Occasional
14465,3,Repeat Customer,1058.62,Occasional
14466,7,Repeat Customer,2272.4,Regular
14467,4,Repeat Customer,598.76,Regular
14470,2,Repeat Customer,461.19000000000005,Occasional
14472,8,Repeat Customer,1936.84,Regular
14473,2,Repeat Customer,234.34,Occasional
14474,1,One-time Customer,547.6600000000001,One-time
14475,3,Repeat Customer,925.8499999999999,Occasional
14476,1,One-time Customer,215.7,One-time
14477,4,Repeat Customer,1309.6000000000001,Regular
14479,2,Repeat Customer,316.24999999999994,Occasional
14480,1,One-time Customer,279.05,One-time
14481,2,Repeat Customer,636.51,Occasional
14482,6,Repeat Customer,2068.15,Regular
14483,1,One-time Customer,137.1,One-time
14484,1,One-time Customer,321.92,One-time
14485,1,One-time Customer,165.75,One-time
14487,6,Repeat Customer,1196.33,Regular
14488,1,One-time Customer,1064.2800000000002,One-time
14489,1,One-time Customer,463.38,One-time
14491,2,Repeat Customer,340.93,Occasional
14493,5,Repeat Customer,2383.2400000000002,Regular
14494,1,One-time Customer,139.56,One-time
14495,2,Repeat Customer,123.79999999999998,Occasional
14496,2,Repeat Customer,538.8100000000001,Occasional
14497,1,One-time Customer,475.37,One-time
14498,5,Repeat Customer,1957.3200000000002,Regular
14499,3,Repeat Customer,815.3199999999999,Occasional
14500,3,Repeat Customer,356.85,Occasional
14501,2,Repeat Customer,251.21,Occasional
14502,11,Repeat Customer,2470.67,Loyal
14503,6,Repeat Customer,3543.26,Regular
14504,4,Repeat Customer,673.26,Regular
14505,8,Repeat Customer,5905.64,Regular
14506,5,Repeat Customer,2012.17,Regular
14507,6,Repeat Customer,1383.18,Regular
14508,2,Repeat Customer,276.42,Occasional
14511,5,Repeat Customer,1314.8100000000002,Regular
14512,2,Repeat Customer,275.28,Occasional
14513,3,Repeat Customer,455.59000000000003,Occasional
14514,3,Repeat Customer,1055.35,Occasional
14515,6,Repeat Customer,2102.0899999999997,Regular
14517,2,Repeat Customer,330.45000000000005,Occasional
14518,1,One-time Customer,174.37,One-time
14520,2,Repeat Customer,270.6,Occasional
14522,4,Repeat Customer,974.54,Regular
14523,1,One-time Customer,241.09,One-time
14524,9,Repeat Customer,1867.6800000000003,Regular
14525,9,Repeat Customer,4332.2,Regular
14527,55,Repeat Customer,8508.82,Loyal
14528,1,One-time Customer,364.21999999999997,One-time
14529,3,Repeat Customer,620.04,Occasional
14530,6,Repeat Customer,2925.9100000000003,Regular
14532,4,Repeat Customer,932.8500000000001,Regular
14533,7,Repeat Customer,1949.7200000000003,Regular
14534,18,Repeat Customer,4447.050000000001,Loyal
14535,3,Repeat Customer,2864.19,Occasional
14536,1,One-time Customer,171.8,One-time
14537,1,One-time Customer,355.56000000000006,One-time
14538,2,Repeat Customer,388.24999999999994,Occasional
14539,2,Repeat Customer,537.48,Occasional
14540,3,Repeat Customer,996.26,Occasional
14541,8,Repeat Customer,1461.6500000000003,Regular
14542,1,One-time Customer,103.25000000000001,One-time
14543,16,Repeat Customer,3630.3300000000004,Loyal
14544,2,Repeat Customer,2024.45,Occasional
14546,5,Repeat Customer,2578.09,Regular
14547,8,Repeat Customer,4007.54,Regular
14548,2,Repeat Customer,652.8,Occasional
14549,1,One-time Customer,289.24,One-time
14550,2,Repeat Customer,765.62,Occasional
14551,2,Repeat Customer,186.23000000000002,Occasional
14552,1,One-time Customer,165.07,One-time
14553,5,Repeat Customer,859.2700000000001,Regular
14554,4,Repeat Customer,2381.04,Regular
14555,2,Repeat Customer,324.14,Occasional
14557,1,One-time Customer,788.38,One-time
14560,22,Repeat Customer,2237.7699999999995,Loyal
14561,3,Repeat Customer,1080.76,Occasional
14562,18,Repeat Customer,5074.77,Loyal
14565,4,Repeat Customer,3099.1200000000003,Regular
14566,1,One-time Customer,1432.0,One-time
14567,2,Repeat Customer,1530.3600000000001,Occasional
14569,1,One-time Customer,227.38999999999996,One-time
14570,2,Repeat Customer,218.06,Occasional
14572,7,Repeat Customer,2832.84,Regular
14573,9,Repeat Customer,1653.42,Regular
14576,1,One-time Customer,35.400000000000006,One-time
14577,4,Repeat Customer,859.7100000000002,Regular
14578,1,One-time Customer,168.63,One-time
14581,1,One-time Customer,138.6,One-time
14582,1,One-time Customer,114.11,One-time
14583,5,Repeat Customer,1052.55,Regular
14584,4,Repeat Customer,1042.2600000000002,Regular
14585,1,One-time Customer,157.05,One-time
14586,1,One-time Customer,237.36,One-time
14587,9,Repeat Customer,1601.1399999999999,Regular
14589,1,One-time Customer,39.75,One-time
14591,4,Repeat Customer,1447.14,Regular
14592,3,Repeat Customer,570.4599999999999,Occasional
14593,3,Repeat Customer,617.99,Occasional
14594,2,Repeat Customer,379.8299999999999,Occasional
14595,6,Repeat Customer,1740.6000000000001,Regular
14597,2,Repeat Customer,883.1500000000001,Occasional
14598,1,One-time Customer,221.97,One-time
14600,1,One-time Customer,393.33,One-time
14601,1,One-time Customer,213.96000000000004,One-time
14603,1,One-time Customer,660.0,One-time
14606,93,Repeat Customer,12156.650000000001,Loyal
14607,14,Repeat Customer,16569.5,Loyal
14608,4,Repeat Customer,1785.1499999999999,Regular
14609,4,Repeat Customer,601.5600000000001,Regular
14616,3,Repeat Customer,406.08000000000004,Occasional
14618,3,Repeat Customer,553.44,Occasional
14619,1,One-time Customer,394.43999999999994,One-time
14620,2,Repeat Customer,412.78000000000003,Occasional
14621,5,Repeat Customer,1788.3600000000004,Regular
14622,1,One-time Customer,320.58,One-time
14623,5,Repeat Customer,889.2499999999999,Regular
14624,2,Repeat Customer,225.84999999999997,Occasional
14625,2,Repeat Customer,899.63,Occasional
14626,4,Repeat Customer,2791.27,Regular
14628,2,Repeat Customer,671.9599999999999,Occasional
14629,2,Repeat Customer,959.01,Occasional
14631,3,Repeat Customer,1006.98,Occasional
14632,1,One-time Customer,114.56,One-time
14633,1,One-time Customer,344.9000000000001,One-time
14636,2,Repeat Customer,609.8500000000001,Occasional
14638,1,One-time Customer,443.6,One-time
14639,6,Repeat Customer,2984.49,Regular
14640,6,Repeat Customer,2125.08,Regular
14641,1,One-time Customer,110.46,One-time
14642,1,One-time Customer,96.12,One-time
14643,2,Repeat Customer,693.81,Occasional
14644,2,Repeat Customer,830.76,Occasional
14645,2,Repeat Customer,597.0899999999999,Occasional
14646,74,Repeat Customer,280206.02,Loyal
14647,1,One-time Customer,243.21999999999997,One-time
14649,4,Repeat Customer,1417.29,Regular
14651,2,Repeat Customer,654.5999999999999,Occasional
14652,1,One-time Customer,114.18,One-time
14653,7,Repeat Customer,1947.5499999999997,Regular
14655,4,Repeat Customer,1932.23,Regular
14656,2,Repeat Customer,291.05,Occasional
14657,4,Repeat Customer,848.22,Regular
14658,2,Repeat Customer,247.14999999999998,Occasional
14659,9,Repeat Customer,2529.93,Regular
14660,2,Repeat Customer,285.73999999999995,Occasional
14661,1,One-time Customer,107.95,One-time
14662,4,Repeat Customer,771.1700000000001,Regular
14664,2,Repeat Customer,637.8900000000001,Occasional
14665,5,Repeat Customer,1835.6999999999998,Regular
14666,1,One-time Customer,195.25,One-time
14667,25,Repeat Customer,9241.2,Loyal
14669,3,Repeat Customer,1269.9900000000002,Occasional
14670,2,Repeat Customer,411.53000000000003,Occasional
14672,2,Repeat Customer,765.55,Occasional
14673,5,Repeat Customer,1736.4,Regular
14675,1,One-time Customer,604.7500000000001,One-time
14676,6,Repeat Customer,2548.2400000000002,Regular
14680,16,Repeat Customer,28754.11,Loyal
14681,3,Repeat Customer,498.95,Occasional
14682,2,Repeat Customer,52.0,Occasional
14684,5,Repeat Customer,1236.2799999999997,Regular
14687,1,One-time Customer,628.3799999999999,One-time
14688,21,Repeat Customer,5630.870000000001,Loyal
14689,1,One-time Customer,112.80000000000001,One-time
14690,2,Repeat Customer,371.7,Occasional
14691,5,Repeat Customer,2114.33,Regular
14692,4,Repeat Customer,591.5500000000001,Regular
14693,1,One-time Customer,172.9,One-time
14696,7,Repeat Customer,2078.95,Regular
14697,2,Repeat Customer,188.60999999999996,Occasional
14698,5,Repeat Customer,1250.76,Regular
14699,1,One-time Customer,109.13000000000001,One-time
14700,3,Repeat Customer,2235.2999999999997,Occasional
14701,9,Repeat Customer,2549.37,Regular
14702,17,Repeat Customer,3292.1400000000003,Loyal
14703,1,One-time Customer,318.16999999999996,One-time
14704,9,Repeat Customer,1546.9099999999999,Regular
14705,1,One-time Customer,179.0,One-time
14708,3,Repeat Customer,1126.37,Occasional
14709,13,Repeat Customer,4921.040000000001,Loyal
14710,4,Repeat Customer,606.13,Regular
14711,11,Repeat Customer,2868.7999999999997,Loyal
14712,3,Repeat Customer,917.07,Occasional
14713,11,Repeat Customer,2666.36,Loyal
14714,1,One-time Customer,160.19,One-time
14715,4,Repeat Customer,867.3800000000001,Regular
14716,2,Repeat Customer,329.67999999999995,Occasional
14719,5,Repeat Customer,1602.13,Regular
14720,3,Repeat Customer,663.8100000000002,Occasional
14722,1,One-time Customer,187.92,One-time
14723,6,Repeat Customer,1158.3,Regular
14725,1,One-time Customer,718.08,One-time
14727,1,One-time Customer,268.58,One-time
14729,1,One-time Customer,313.49000000000007,One-time
14730,8,Repeat Customer,2005.06,Regular
14731,3,Repeat Customer,380.02000000000004,Occasional
14732,8,Repeat Customer,2702.49,Regular
14733,12,Repeat Customer,9585.91,Loyal
14735,32,Repeat Customer,6065.6900000000005,Loyal
14737,3,Repeat Customer,1164.55,Occasional
14738,7,Repeat Customer,1314.45,Regular
14739,7,Repeat Customer,3902.2799999999997,Regular
14740,3,Repeat Customer,1448.2099999999998,Occasional
14741,6,Repeat Customer,1400.3400000000001,Regular
14744,7,Repeat Customer,1099.98,Regular
14745,5,Repeat Customer,1220.2600000000002,Regular
14747,1,One-time Customer,328.19999999999993,One-time
14748,5,Repeat Customer,1415.75,Regular
14752,1,One-time Customer,389.63999999999993,One-time
14753,1,One-time Customer,563.1499999999999,One-time
14754,2,Repeat Customer,638.05,Occasional
14755,11,Repeat Customer,5010.280000000001,Loyal
14756,1,One-time Customer,738.9599999999998,One-time
14757,1,One-time Customer,420.50000000000006,One-time
14758,4,Repeat Customer,1484.06,Regular
14759,3,Repeat Customer,1625.97,Occasional
14760,1,One-time Customer,89.2,One-time
14761,2,Repeat Customer,255.89999999999998,Occasional
14762,1,One-time Customer,300.52,One-time
14764,1,One-time Customer,278.3,One-time
14765,3,Repeat Customer,254.11,Occasional
14766,6,Repeat Customer,2473.37,Regular
14768,2,Repeat Customer,192.60000000000002,Occasional
14769,8,Repeat Customer,10674.75,Regular
14770,2,Repeat Customer,876.42,Occasional
14772,1,One-time Customer,139.26,One-time
14775,3,Repeat Customer,1011.8999999999999,Occasional
14776,11,Repeat Customer,2538.2999999999997,Loyal
14778,2,Repeat Customer,730.8599999999999,Occasional
14779,3,Repeat Customer,386.15,Occasional
14780,2,Repeat Customer,447.68,Occasional
14782,1,One-time Customer,200.10000000000002,One-time
14784,2,Repeat Customer,289.99,Occasional
14785,2,Repeat Customer,77.4,Occasional
14788,2,Repeat Customer,679.4399999999998,Occasional
14789,1,One-time Customer,197.64000000000001,One-time
14790,4,Repeat Customer,745.0600000000001,Regular
14792,1,One-time Customer,6.2,One-time
14793,1,One-time Customer,228.99,One-time
14794,7,Repeat Customer,1319.91,Regular
14795,1,One-time Customer,131.45,One-time
14796,17,Repeat Customer,8022.49,Loyal
14798,3,Repeat Customer,173.74,Occasional
14799,1,One-time Customer,157.70000000000002,One-time
14800,12,Repeat Customer,4339.74,Loyal
14801,1,One-time Customer,193.13999999999996,One-time
14803,3,Repeat Customer,845.55,Occasional
14804,1,One-time Customer,353.27,One-time
14805,4,Repeat Customer,554.6500000000001,Regular
14806,1,One-time Customer,193.39,One-time
14808,8,Repeat Customer,2741.17,Regular
14810,11,Repeat Customer,2087.88,Loyal
14813,2,Repeat Customer,155.42999999999998,Occasional
14815,2,Repeat Customer,778.5,Occasional
14816,1,One-time Customer,271.85,One-time
14817,2,Repeat Customer,1110.3400000000001,Occasional
14818,3,Repeat Customer,657.8,Occasional
14819,2,Repeat Customer,272.07,Occasional
14820,4,Repeat Customer,507.28999999999996,Regular
14821,1,One-time Customer,48.800000000000004,One-time
14823,3,Repeat Customer,321.42999999999995,Occasional
14824,4,Repeat Customer,1127.7100000000003,Regular
14825,12,Repeat Customer,2226.9100000000003,Loyal
14828,3,Repeat Customer,2139.76,Occasional
14829,4,Repeat Customer,697.55,Regular
14830,1,One-time Customer,197.13,One-time
14834,6,Repeat Customer,1720.3,Regular
14836,3,Repeat Customer,102.44999999999999,Occasional
14837,4,Repeat Customer,1649.5000000000002,Regular
14840,1,One-time Customer,62.85,One-time
14841,6,Repeat Customer,3295.7599999999998,Regular
14842,4,Repeat Customer,2824.6899999999996,Regular
14844,4,Repeat Customer,3189.8100000000004,Regular
14847,1,One-time Customer,309.4,One-time
14849,25,Repeat Customer,7930.54,Loyal
14850,1,One-time Customer,325.75,One-time
14851,2,Repeat Customer,511.3499999999999,Occasional
14852,6,Repeat Customer,2836.69,Regular
14853,2,Repeat Customer,475.79999999999995,Occasional
14854,7,Repeat Customer,2759.8300000000004,Regular
14855,2,Repeat Customer,645.65,Occasional
14856,3,Repeat Customer,1311.38,Occasional
14857,2,Repeat Customer,1173.12,Occasional
14859,4,Repeat Customer,1353.74,Regular
14860,1,One-time Customer,170.32,One-time
14861,1,One-time Customer,125.79000000000002,One-time
14862,2,Repeat Customer,841.2,Occasional
14863,1,One-time Customer,266.76,One-time
14865,2,Repeat Customer,52.2,Occasional
14866,12,Repeat Customer,14389.900000000001,Loyal
14867,3,Repeat Customer,710.28,Occasional
14868,8,Repeat Customer,2953.59,Regular
14869,2,Repeat Customer,725.7,Occasional
14870,1,One-time Customer,327.24999999999994,One-time
14871,4,Repeat Customer,522.38,Regular
14873,1,One-time Customer,519.6800000000001,One-time
14875,2,Repeat Customer,1465.3199999999997,Occasional
14878,9,Repeat Customer,1485.5400000000002,Regular
14880,3,Repeat Customer,706.1900000000002,Occasional
14881,1,One-time Customer,255.4,One-time
14882,2,Repeat Customer,589.7,Occasional
14883,6,Repeat Customer,761.5899999999999,Regular
14885,1,One-time Customer,765.3199999999999,One-time
14886,1,One-time Customer,364.79999999999995,One-time
14887,1,One-time Customer,1862.0,One-time
14888,1,One-time Customer,369.2,One-time
14889,1,One-time Customer,135.9,One-time
14890,1,One-time Customer,125.65,One-time
14891,2,Repeat Customer,554.38,Occasional
14893,2,Repeat Customer,1237.8500000000001,Occasional
14894,1,One-time Customer,655.7499999999999,One-time
14895,20,Repeat Customer,11138.71,Loyal
14896,2,Repeat Customer,468.77000000000004,Occasional
14897,4,Repeat Customer,1366.38,Regular
14898,6,Repeat Customer,1303.52,Regular
14901,9,Repeat Customer,1421.29,Regular
14902,1,One-time Customer,332.66,One-time
14903,5,Repeat Customer,2810.63,Regular
14904,2,Repeat Customer,1025.44,Occasional
14905,2,Repeat Customer,616.15,Occasional
14907,7,Repeat Customer,3501.1000000000004,Regular
14908,1,One-time Customer,277.79999999999995,One-time
14910,4,Repeat Customer,434.35,Regular
14911,201,Repeat Customer,143825.06,Loyal
14912,2,Repeat Customer,867.85,Occasional
14913,4,Repeat Customer,1227.43,Regular
14915,2,Repeat Customer,307.48,Occasional
14916,4,Repeat Customer,1268.98,Regular
14918,2,Repeat Customer,1610.1499999999996,Occasional
14920,2,Repeat Customer,977.77,Occasional
14921,2,Repeat Customer,1316.0700000000002,Occasional
14923,1,One-time Customer,749.1,One-time
14924,1,One-time Customer,310.05,One-time
14929,1,One-time Customer,223.88,One-time
14930,3,Repeat Customer,2372.8599999999997,Occasional
14931,5,Repeat Customer,1257.68,Regular
14932,1,One-time Customer,363.53,One-time
14934,2,Repeat Customer,1890.94,Occasional
14935,1,One-time Customer,1784.71,One-time
14936,8,Repeat Customer,8137.020000000001,Regular
14937,3,Repeat Customer,1621.88,Occasional
14944,12,Repeat Customer,5900.25,Loyal
14946,1,One-time Customer,100.9,One-time
14947,2,Repeat Customer,290.82000000000005,Occasional
14948,6,Repeat Customer,1101.97,Regular
14950,1,One-time Customer,371.2,One-time
14951,1,One-time Customer,311.69000000000005,One-time
14952,11,Repeat Customer,8099.489999999999,Loyal
14953,1,One-time Customer,289.82000000000005,One-time
14954,1,One-time Customer,336.16999999999996,One-time
14957,1,One-time Customer,58.49,One-time
14958,3,Repeat Customer,499.68,Occasional
14959,4,Repeat Customer,695.4199999999998,Regular
14960,2,Repeat Customer,221.26999999999998,Occasional
14961,9,Repeat Customer,7044.68,Regular
14962,1,One-time Customer,126.70000000000002,One-time
14963,5,Repeat Customer,1487.8,Regular
14964,1,One-time Customer,206.21,One-time
14965,2,Repeat Customer,599.0,Occasional
14966,1,One-time Customer,191.32,One-time
14967,1,One-time Customer,463.8,One-time
14968,1,One-time Customer,147.59000000000003,One-time
14970,4,Repeat Customer,1592.06,Regular
14971,3,Repeat Customer,1116.5700000000002,Occasional
14972,1,One-time Customer,114.77,One-time
14973,3,Repeat Customer,1314.4499999999998,Occasional
14974,1,One-time Customer,114.39,One-time
14975,1,One-time Customer,279.94,One-time
14976,7,Repeat Customer,790.86,Regular
14978,5,Repeat Customer,1931.42,Regular
14981,1,One-time Customer,102.12,One-time
14984,2,Repeat Customer,213.27,Occasional
14985,2,Repeat Customer,296.75,Occasional
14987,2,Repeat Customer,326.4,Occasional
14988,1,One-time Customer,334.53999999999996,One-time
14995,2,Repeat Customer,233.23000000000002,Occasional
14997,3,Repeat Customer,546.2,Occasional
14998,2,Repeat Customer,429.87,Occasional
15000,1,One-time Customer,490.52000000000004,One-time
15002,4,Repeat Customer,1641.7599999999998,Regular
15004,1,One-time Customer,1246.3200000000002,One-time
15005,28,Repeat Customer,6316.57,Loyal
15006,1,One-time Customer,502.09000000000003,One-time
15007,1,One-time Customer,156.91000000000003,One-time
15009,3,Repeat Customer,1261.78,Occasional
15010,1,One-time Customer,308.94,One-time
15012,2,Repeat Customer,423.04,Occasional
15014,2,Repeat Customer,260.17,Occasional
15016,1,One-time Customer,170.04,One-time
15017,1,One-time Customer,125.58000000000001,One-time
15018,3,Repeat Customer,496.21,Occasional
15019,1,One-time Customer,265.99999999999994,One-time
15021,9,Repeat Customer,1914.8200000000002,Regular
15022,4,Repeat Customer,905.0400000000001,Regular
15023,11,Repeat Customer,6802.76,Loyal
15024,10,Repeat Customer,1661.33,Regular
15025,1,One-time Customer,377.01,One-time
15026,3,Repeat Customer,469.0,Occasional
15027,4,Repeat Customer,1066.15,Regular
15028,4,Repeat Customer,627.1300000000001,Regular
15030,2,Repeat Customer,518.28,Occasional
15031,4,Repeat Customer,668.1400000000001,Regular
15032,3,Repeat Customer,4959.1,Occasional
15033,10,Repeat Customer,2586.67,Regular
15034,8,Repeat Customer,4308.610000000001,Regular
15035,1,One-time Customer,252.73000000000002,One-time
15036,3,Repeat Customer,465.5499999999999,Occasional
15038,6,Repeat Customer,705.49,Regular
15039,47,Repeat Customer,19914.44,Loyal
15041,1,One-time Customer,180.35000000000002,One-time
15042,1,One-time Customer,135.93,One-time
15043,1,One-time Customer,537.0,One-time
15044,17,Repeat Customer,7700.23,Loyal
15045,2,Repeat Customer,735.6600000000001,Occasional
15046,15,Repeat Customer,5213.7699999999995,Loyal
15047,1,One-time Customer,343.61999999999995,One-time
15048,4,Repeat Customer,384.05,Regular
15049,1,One-time Customer,121.17000000000002,One-time
15050,3,Repeat Customer,1782.09,Occasional
15051,3,Repeat Customer,1391.6100000000001,Occasional
15052,1,One-time Customer,215.78,One-time
15053,3,Repeat Customer,697.7900000000001,Occasional
15054,2,Repeat Customer,302.1,Occasional
15057,2,Repeat Customer,1489.5,Occasional
15058,11,Repeat Customer,2124.9900000000002,Loyal
15059,9,Repeat Customer,1337.7199999999998,Regular
15060,4,Repeat Customer,303.09000000000003,Regular
15061,48,Repeat Customer,54534.14,Loyal
15062,4,Repeat Customer,987.86,Regular
15063,1,One-time Customer,370.79999999999995,One-time
15065,4,Repeat Customer,3158.13,Regular
15066,1,One-time Customer,893.59,One-time
15067,3,Repeat Customer,1744.76,Occasional
15068,2,Repeat Customer,553.36,Occasional
15069,1,One-time Customer,1109.5300000000002,One-time
15070,1,One-time Customer,106.2,One-time
15071,2,Repeat Customer,982.07,Occasional
15073,3,Repeat Customer,1043.4099999999999,Occasional
15074,1,One-time Customer,748.87,One-time
15075,1,One-time Customer,773.03,One-time
15076,1,One-time Customer,880.8499999999999,One-time
15078,32,Repeat Customer,9743.11,Loyal
15079,4,Repeat Customer,895.61,Regular
15081,5,Repeat Customer,504.79999999999995,Regular
15083,1,One-time Customer,88.19999999999999,One-time
15087,1,One-time Customer,306.94,One-time
15088,2,Repeat Customer,1160.0699999999997,Occasional
15089,6,Repeat Customer,2420.84,Regular
15090,1,One-time Customer,381.32,One-time
15091,1,One-time Customer,480.71,One-time
15092,2,Repeat Customer,457.80999999999995,Occasional
15093,6,Repeat Customer,4597.0199999999995,Regular
15095,4,Repeat Customer,1370.6,Regular
15096,1,One-time Customer,219.39,One-time
15097,1,One-time Customer,248.07999999999998,One-time
15098,3,Repeat Customer,39916.5,Occasional
15099,1,One-time Customer,410.48,One-time
15100,3,Repeat Customer,876.0,Occasional
15101,2,Repeat Customer,317.53,Occasional
15103,2,Repeat Customer,703.3599999999999,Occasional
15104,2,Repeat Customer,1027.44,Occasional
15105,7,Repeat Customer,2298.9300000000003,Regular
15106,5,Repeat Customer,1422.52,Regular
15107,6,Repeat Customer,319.5,Regular
15108,4,Repeat Customer,1300.25,Regular
15109,1,One-time Customer,484.9500000000001,One-time
15110,4,Repeat Customer,996.1,Regular
15111,3,Repeat Customer,1567.4799999999998,Occasional
15113,3,Repeat Customer,3609.3299999999995,Occasional
15114,10,Repeat Customer,2760.5599999999995,Regular
15115,1,One-time Customer,340.11,One-time
15116,4,Repeat Customer,1352.75,Regular
15117,5,Repeat Customer,1551.7800000000002,Regular
15118,1,One-time Customer,244.8,One-time
15119,1,One-time Customer,266.4,One-time
15120,1,One-time Customer,358.8199999999999,One-time
15121,2,Repeat Customer,457.72,Occasional
15122,3,Repeat Customer,1633.7799999999997,Occasional
15123,2,Repeat Customer,2199.3100000000004,Occasional
15124,2,Repeat Customer,184.19000000000003,Occasional
15125,15,Repeat Customer,11528.480000000001,Loyal
15127,1,One-time Customer,406.53000000000003,One-time
15128,4,Repeat Customer,1471.0,Regular
15129,11,Repeat Customer,3447.4,Loyal
15130,1,One-time Customer,330.11000000000007,One-time
15132,5,Repeat Customer,977.93,Regular
15133,3,Repeat Customer,982.4199999999998,Occasional
15134,8,Repeat Customer,1387.99,Regular
15135,1,One-time Customer,139.04999999999998,One-time
15136,4,Repeat Customer,1286.7000000000003,Regular
15139,2,Repeat Customer,178.96,Occasional
15140,7,Repeat Customer,2354.25,Regular
15142,1,One-time Customer,498.74000000000007,One-time
15143,1,One-time Customer,259.45,One-time
15144,17,Repeat Customer,6580.4400000000005,Loyal
15145,4,Repeat Customer,1194.7300000000002,Regular
15146,2,Repeat Customer,1327.16,Occasional
15147,1,One-time Customer,623.5,One-time
15148,1,One-time Customer,301.29,One-time
15149,1,One-time Customer,520.8,One-time
15150,10,Repeat Customer,5314.469999999999,Regular
15152,13,Repeat Customer,4745.6900000000005,Loyal
15153,1,One-time Customer,329.25,One-time
15154,1,One-time Customer,296.42,One-time
15156,3,Repeat Customer,961.4899999999999,Occasional
15157,3,Repeat Customer,1936.0700000000004,Occasional
15158,1,One-time Customer,401.4000000000001,One-time
15159,30,Repeat Customer,18641.010000000002,Loyal
15160,1,One-time Customer,158.16000000000003,One-time
15163,2,Repeat Customer,304.4699999999999,Occasional
15164,3,Repeat Customer,843.0499999999998,Occasional
15165,1,One-time Customer,487.75,One-time
15167,1,One-time Customer,163.00000000000003,One-time
15168,1,One-time Customer,106.56,One-time
15171,1,One-time Customer,1289.5,One-time
15172,5,Repeat Customer,1624.05,Regular
15174,1,One-time Customer,135.75,One-time
15175,1,One-time Customer,224.14000000000004,One-time
15178,1,One-time Customer,40.5,One-time
15179,5,Repeat Customer,2206.9500000000003,Regular
15180,1,One-time Customer,87.5,One-time
15181,3,Repeat Customer,689.48,Occasional
15182,2,Repeat Customer,622.8499999999998,Occasional
15184,2,Repeat Customer,406.76,Occasional
15185,1,One-time Customer,310.62,One-time
15186,2,Repeat Customer,411.41,Occasional
15187,16,Repeat Customer,4777.180000000001,Loyal
15189,41,Repeat Customer,16225.390000000003,Loyal
15192,3,Repeat Customer,1044.3200000000002,Occasional
15193,1,One-time Customer,499.31999999999994,One-time
15194,15,Repeat Customer,7616.530000000001,Loyal
15195,1,One-time Customer,3861.0,One-time
15197,3,Repeat Customer,1079.6100000000001,Occasional
15198,2,Repeat Customer,193.64,Occasional
15199,4,Repeat Customer,1268.6999999999998,Regular
15201,5,Repeat Customer,1236.54,Regular
15203,6,Repeat Customer,1827.8,Regular
15204,1,One-time Customer,316.58,One-time
15205,2,Repeat Customer,653.24,Occasional
15206,4,Repeat Customer,420.3,Regular
15208,5,Repeat Customer,870.12,Regular
15210,1,One-time Customer,331.18,One-time
15211,2,Repeat Customer,894.41,Occasional
15212,1,One-time Customer,101.79999999999998,One-time
15213,2,Repeat Customer,328.35,Occasional
15214,8,Repeat Customer,1661.44,Regular
15215,3,Repeat Customer,734.9399999999999,Occasional
15216,1,One-time Customer,96.6,One-time
15218,11,Repeat Customer,5756.89,Loyal
15219,1,One-time Customer,305.75,One-time
15220,6,Repeat Customer,1778.9599999999996,Regular
15221,1,One-time Customer,403.25,One-time
15222,1,One-time Customer,585.0,One-time
15223,2,Repeat Customer,755.75,Occasional
15224,2,Repeat Customer,322.0799999999999,Occasional
15225,1,One-time Customer,409.4000000000001,One-time
15226,1,One-time Customer,154.41,One-time
15227,5,Repeat Customer,1219.4,Regular
15228,4,Repeat Customer,3386.71,Regular
15230,2,Repeat Customer,429.6,Occasional
15232,2,Repeat Customer,612.0600000000001,Occasional
15234,1,One-time Customer,197.00000000000006,One-time
15235,12,Repeat Customer,2247.51,Loyal
15236,1,One-time Customer,321.04999999999995,One-time
15237,4,Repeat Customer,1412.3200000000002,Regular
15238,3,Repeat Customer,1071.99,Occasional
15239,2,Repeat Customer,780.59,Occasional
15240,5,Repeat Customer,1706.57,Regular
15241,8,Repeat Customer,1756.44,Regular
15243,1,One-time Customer,316.68,One-time
15244,2,Repeat Customer,631.5699999999999,Occasional
15245,3,Repeat Customer,2515.84,Occasional
15246,2,Repeat Customer,514.15,Occasional
15247,1,One-time Customer,356.0,One-time
15249,13,Repeat Customer,6688.459999999999,Loyal
15251,11,Repeat Customer,10484.99,Loyal
15252,2,Repeat Customer,740.78,Occasional
15253,5,Repeat Customer,918.1999999999998,Regular
15254,1,One-time Customer,300.36000000000007,One-time
15255,1,One-time Customer,890.85,One-time
15256,1,One-time Customer,98.45,One-time
15257,1,One-time Customer,317.15,One-time
15258,2,Repeat Customer,623.1600000000001,Occasional
15260,7,Repeat Customer,1810.77,Regular
15261,1,One-time Customer,254.81999999999996,One-time
15262,1,One-time Customer,178.95000000000002,One-time
15263,1,One-time Customer,156.50999999999996,One-time
15264,1,One-time Customer,393.7400000000001,One-time
15265,2,Repeat Customer,1506.12,Occasional
15266,1,One-time Customer,119.30000000000001,One-time
15267,5,Repeat Customer,1717.36,Regular
15269,1,One-time Customer,408.8,One-time
15270,7,Repeat Customer,2379.49,Regular
15271,15,Repeat Customer,2507.07,Loyal
15272,2,Repeat Customer,721.94,Occasional
15274,2,Repeat Customer,716.57,Occasional
15275,1,One-time Customer,615.14,One-time
15276,1,One-time Customer,135.31,One-time
15277,1,One-time Customer,255.89999999999998,One-time
15279,1,One-time Customer,290.51,One-time
15280,1,One-time Customer,113.12,One-time
15281,9,Repeat Customer,2332.1499999999996,Regular
15286,1,One-time Customer,240.55,One-time
15287,2,Repeat Customer,486.69,Occasional
15288,5,Repeat Customer,2306.5200000000004,Regular
15289,3,Repeat Customer,939.78,Occasional
15290,18,Repeat Customer,7943.219999999999,Loyal
15291,15,Repeat Customer,4668.300000000001,Loyal
15292,1,One-time Customer,180.94,One-time
15296,6,Repeat Customer,3672.8599999999997,Regular
15297,3,Repeat Customer,641.94,Occasional
15298,12,Repeat Customer,4799.9,Loyal
15299,7,Repeat Customer,4507.01,Regular
15300,1,One-time Customer,496.43999999999994,One-time
15301,12,Repeat Customer,5070.349999999999,Loyal
15303,1,One-time Customer,574.02,One-time
15304,8,Repeat Customer,694.4000000000002,Regular
15306,3,Repeat Customer,1174.35,Occasional
15307,1,One-time Customer,205.3,One-time
15308,1,One-time Customer,310.46999999999997,One-time
15311,91,Repeat Customer,60767.899999999994,Loyal
15312,4,Repeat Customer,924.85,Regular
15313,1,One-time Customer,52.0,One-time
15314,1,One-time Customer,327.96999999999997,One-time
15315,2,Repeat Customer,570.5000000000001,Occasional
15316,1,One-time Customer,165.0,One-time
15318,1,One-time Customer,312.62,One-time
15319,1,One-time Customer,204.5,One-time
15320,1,One-time Customer,267.13000000000005,One-time
15321,3,Repeat Customer,2748.3100000000004,Occasional
15322,1,One-time Customer,679.68,One-time
15325,1,One-time Customer,162.29000000000002,One-time
15326,1,One-time Customer,311.7099999999999,One-time
15327,1,One-time Customer,208.75,One-time
15329,3,Repeat Customer,1049.7,Occasional
15330,2,Repeat Customer,714.9599999999999,Occasional
15332,4,Repeat Customer,1661.06,Regular
15333,1,One-time Customer,1028.56,One-time
15334,3,Repeat Customer,351.67,Occasional
15335,1,One-time Customer,173.97,One-time
15339,2,Repeat Customer,574.0699999999999,Occasional
15341,1,One-time Customer,2020.52,One-time
15342,1,One-time Customer,406.09,One-time
15343,1,One-time Customer,364.5,One-time
15344,3,Repeat Customer,563.9399999999999,Occasional
15345,1,One-time Customer,393.53999999999996,One-time
15346,1,One-time Customer,252.42000000000002,One-time
15347,1,One-time Customer,201.59999999999997,One-time
15348,1,One-time Customer,158.04,One-time
15349,2,Repeat Customer,473.80999999999995,Occasional
15350,1,One-time Customer,115.65,One-time
15351,7,Repeat Customer,1960.11,Regular
15353,2,Repeat Customer,777.0200000000002,Occasional
15355,2,Repeat Customer,277.05000000000007,Occasional
15356,10,Repeat Customer,2766.5,Regular
15358,22,Repeat Customer,8347.2,Loyal
15360,1,One-time Customer,427.92999999999995,One-time
15361,1,One-time Customer,418.9200000000001,One-time
15363,1,One-time Customer,326.0,One-time
15364,2,Repeat Customer,913.1900000000002,Occasional
15365,7,Repeat Customer,2314.32,Regular
15366,2,Repeat Customer,602.5100000000001,Occasional
15367,4,Repeat Customer,1877.5900000000004,Regular
15368,1,One-time Customer,446.94000000000005,One-time
15370,7,Repeat Customer,2386.05,Regular
15372,1,One-time Customer,2007.4,One-time
15373,12,Repeat Customer,2415.9100000000003,Loyal
15374,1,One-time Customer,168.0,One-time
15376,3,Repeat Customer,1233.3599999999997,Occasional
15379,7,Repeat Customer,3703.29,Regular
15380,5,Repeat Customer,1690.26,Regular
15381,2,Repeat Customer,596.85,Occasional
15382,6,Repeat Customer,5955.709999999999,Regular
15384,2,Repeat Customer,642.41,Occasional
15385,1,One-time Customer,316.88,One-time
15386,1,One-time Customer,394.14,One-time
15388,1,One-time Customer,140.54,One-time
15389,1,One-time Customer,500.0,One-time
15392,4,Repeat Customer,1535.53,Regular
15393,2,Repeat Customer,231.86,Occasional
15394,4,Repeat Customer,2183.5400000000004,Regular
15395,1,One-time Customer,107.45000000000002,One-time
15396,1,One-time Customer,288.17999999999995,One-time
15397,1,One-time Customer,94.0,One-time
15398,2,Repeat Customer,1345.5300000000002,Occasional
15399,3,Repeat Customer,815.77,Occasional
15400,5,Repeat Customer,716.2,Regular
15402,2,Repeat Customer,626.77,Occasional
15405,1,One-time Customer,349.1,One-time
15406,2,Repeat Customer,510.71000000000004,Occasional
15407,4,Repeat Customer,1056.44,Regular
15408,1,One-time Customer,267.18,One-time
15410,8,Repeat Customer,3450.8400000000006,Regular
15411,4,Repeat Customer,1358.88,Regular
15412,1,One-time Customer,190.53,One-time
15414,3,Repeat Customer,774.9,Occasional
15415,1,One-time Customer,572.81,One-time
15416,4,Repeat Customer,3984.3199999999997,Regular
15417,1,One-time Customer,508.80000000000007,One-time
15419,1,One-time Customer,135.85999999999999,One-time
15421,4,Repeat Customer,950.36,Regular
15422,2,Repeat Customer,97.7,Occasional
15423,1,One-time Customer,43.5,One-time
15424,2,Repeat Customer,383.34000000000003,Occasional
15426,5,Repeat Customer,1447.3900000000003,Regular
15427,3,Repeat Customer,1483.14,Occasional
15428,1,One-time Customer,93.78,One-time
15429,2,Repeat Customer,397.35,Occasional
15432,1,One-time Customer,171.19,One-time
15433,2,Repeat Customer,533.3,Occasional
15434,5,Repeat Customer,1041.48,Regular
15435,1,One-time Customer,149.29000000000002,One-time
15436,3,Repeat Customer,1122.5300000000002,Occasional
15437,1,One-time Customer,200.16,One-time
15438,1,One-time Customer,156.57999999999998,One-time
15440,3,Repeat Customer,383.68,Occasional
15442,1,One-time Customer,594.0,One-time
15443,7,Repeat Customer,3236.9100000000003,Regular
15444,2,Repeat Customer,1418.2600000000002,Occasional
15445,1,One-time Customer,113.5,One-time
15447,1,One-time Customer,155.17,One-time
15448,1,One-time Customer,494.64,One-time
15449,3,Repeat Customer,974.5200000000001,Occasional
15450,1,One-time Customer,429.84,One-time
15452,3,Repeat Customer,538.7299999999999,Occasional
15453,7,Repeat Customer,1388.37,Regular
15454,1,One-time Customer,179.10000000000002,One-time
15456,3,Repeat Customer,447.22,Occasional
15457,1,One-time Customer,237.07,One-time
15458,1,One-time Customer,161.64,One-time
15460,1,One-time Customer,216.76,One-time
15462,3,Repeat Customer,234.6,Occasional
15463,1,One-time Customer,126.14,One-time
15464,1,One-time Customer,1048.85,One-time
15465,18,Repeat Customer,7354.619999999999,Loyal
15466,1,One-time Customer,334.53000000000003,One-time
15467,3,Repeat Customer,524.88,Occasional
15468,2,Repeat Customer,467.51,Occasional
15469,2,Repeat Customer,538.5500000000001,Occasional
15471,1,One-time Customer,469.4799999999999,One-time
15472,1,One-time Customer,371.5600000000001,One-time
15473,7,Repeat Customer,1771.2,Regular
15475,1,One-time Customer,454.10999999999996,One-time
15478,2,Repeat Customer,1441.4199999999998,Occasional
15480,1,One-time Customer,905.5,One-time
15482,12,Repeat Customer,11054.960000000001,Loyal
15483,4,Repeat Customer,233.81,Regular
15484,4,Repeat Customer,3594.3100000000004,Regular
15485,3,Repeat Customer,2575.0,Occasional
15488,1,One-time Customer,91.32000000000001,One-time
15489,3,Repeat Customer,1134.28,Occasional
15491,6,Repeat Customer,3100.09,Regular
15492,2,Repeat Customer,659.4599999999998,Occasional
15493,5,Repeat Customer,2001.8000000000002,Regular
15494,2,Repeat Customer,1299.23,Occasional
15497,2,Repeat Customer,1262.2,Occasional
15498,27,Repeat Customer,13316.400000000001,Loyal
15500,4,Repeat Customer,1131.5600000000002,Regular
15502,12,Repeat Customer,10384.929999999998,Loyal
15503,1,One-time Customer,147.09,One-time
15504,1,One-time Customer,52.83,One-time
15505,5,Repeat Customer,3610.96,Regular
15506,3,Repeat Customer,979.26,Occasional
15507,1,One-time Customer,492.36000000000007,One-time
15508,6,Repeat Customer,1000.2700000000001,Regular
15510,1,One-time Customer,250.0,One-time
15511,5,Repeat Customer,909.23,Regular
15512,2,Repeat Customer,121.0,Occasional
15513,19,Repeat Customer,14758.22,Loyal
15514,11,Repeat Customer,4139.46,Loyal
15516,3,Repeat Customer,62.43,Occasional
15517,1,One-time Customer,267.03000000000003,One-time
15518,8,Repeat Customer,1942.4499999999998,Regular
15520,1,One-time Customer,343.5,One-time
15521,8,Repeat Customer,3000.2000000000003,Regular
15522,2,Repeat Customer,398.84000000000003,Occasional
15523,1,One-time Customer,412.01,One-time
15524,1,One-time Customer,440.0,One-time
15525,3,Repeat Customer,825.92,Occasional
15526,2,Repeat Customer,148.44,Occasional
15527,8,Repeat Customer,2429.7800000000007,Regular
15528,1,One-time Customer,229.32999999999998,One-time
15529,11,Repeat Customer,3995.23,Loyal
15530,4,Repeat Customer,1502.3500000000004,Regular
15531,2,Repeat Customer,2007.4399999999996,Occasional
15532,4,Repeat Customer,1580.93,Regular
15533,3,Repeat Customer,807.57,Occasional
15535,4,Repeat Customer,536.4000000000002,Regular
15537,1,One-time Customer,110.92000000000002,One-time
15539,1,One-time Customer,538.46,One-time
15540,1,One-time Customer,213.30000000000004,One-time
15541,1,One-time Customer,85.13,One-time
15543,1,One-time Customer,127.86,One-time
15544,9,Repeat Customer,3546.7100000000005,Regular
15545,2,Repeat Customer,292.71999999999997,Occasional
15547,14,Repeat Customer,4954.84,Loyal
15549,3,Repeat Customer,1693.2599999999998,Occasional
15550,4,Repeat Customer,575.6300000000002,Regular
15551,1,One-time Customer,436.05999999999995,One-time
15552,1,One-time Customer,90.12,One-time
15553,1,One-time Customer,437.23,One-time
15554,1,One-time Customer,217.2,One-time
15555,16,Repeat Customer,4805.17,Loyal
15556,1,One-time Customer,279.77,One-time
15557,1,One-time Customer,473.65,One-time
15561,4,Repeat Customer,800.5899999999999,Regular
15562,1,One-time Customer,134.55,One-time
15563,4,Repeat Customer,1400.44,Regular
15565,2,Repeat Customer,173.16000000000003,Occasional
15567,1,One-time Customer,186.01000000000002,One-time
15568,3,Repeat Customer,758.29,Occasional
15569,5,Repeat Customer,1375.71,Regular
15570,12,Repeat Customer,4165.52,Loyal
15571,4,Repeat Customer,650.4300000000001,Regular
15572,7,Repeat Customer,2552.86,Regular
15573,2,Repeat Customer,607.45,Occasional
15574,4,Repeat Customer,702.25,Regular
15576,1,One-time Customer,940.6700000000001,One-time
15577,3,Repeat Customer,258.88000000000005,Occasional
15578,1,One-time Customer,127.1,One-time
15579,2,Repeat Customer,348.59999999999997,Occasional
15581,13,Repeat Customer,3679.9700000000003,Loyal
15582,3,Repeat Customer,682.9100000000001,Occasional
15584,4,Repeat Customer,725.11,Regular
15585,1,One-time Customer,455.29999999999995,One-time
15587,4,Repeat Customer,913.6800000000001,Regular
15589,3,Repeat Customer,478.53,Occasional
15592,1,One-time Customer,388.58,One-time
15593,1,One-time Customer,199.8,One-time
15594,5,Repeat Customer,1771.7800000000002,Regular
15596,5,Repeat Customer,1406.5900000000001,Regular
15597,1,One-time Customer,324.57,One-time
15598,1,One-time Customer,240.68,One-time
15599,2,Repeat Customer,761.74,Occasional
15601,14,Repeat Customer,6776.56,Loyal
15602,9,Repeat Customer,1297.8700000000001,Regular
15603,1,One-time Customer,48.480000000000004,One-time
15604,1,One-time Customer,216.39,One-time
15605,5,Repeat Customer,1198.23,Regular
15606,9,Repeat Customer,2920.16,Regular
15607,1,One-time Customer,104.76,One-time
15608,4,Repeat Customer,1093.68,Regular
15609,1,One-time Customer,298.48,One-time
15610,1,One-time Customer,112.46,One-time
15611,13,Repeat Customer,1591.4500000000003,Loyal
15612,2,Repeat Customer,195.15,Occasional
15615,23,Repeat Customer,10399.74,Loyal
15618,4,Repeat Customer,776.8510000000002,Regular
15619,1,One-time Customer,336.40000000000003,One-time
15620,3,Repeat Customer,1553.1799999999998,Occasional
15621,4,Repeat Customer,1293.03,Regular
15622,9,Repeat Customer,3709.5600000000004,Regular
15623,1,One-time Customer,301.03,One-time
15624,4,Repeat Customer,588.13,Regular
15625,4,Repeat Customer,1534.26,Regular
15626,2,Repeat Customer,675.8000000000001,Occasional
15628,9,Repeat Customer,2870.24,Regular
15630,2,Repeat Customer,1186.35,Occasional
15632,8,Repeat Customer,3285.3100000000004,Regular
15634,1,One-time Customer,243.55,One-time
15636,2,Repeat Customer,724.76,Occasional
15637,1,One-time Customer,223.36,One-time
15639,1,One-time Customer,425.32,One-time
15640,15,Repeat Customer,12515.66,Loyal
15641,4,Repeat Customer,1887.2,Regular
15643,3,Repeat Customer,664.0,Occasional
15644,4,Repeat Customer,812.9999999999999,Regular
15645,1,One-time Customer,612.01,One-time
15646,3,Repeat Customer,447.64,Occasional
15648,2,Repeat Customer,657.3500000000001,Occasional
15649,2,Repeat Customer,816.0,Occasional
15651,3,Repeat Customer,646.3,Occasional
15652,1,One-time Customer,337.74,One-time
15653,2,Repeat Customer,877.4399999999999,Occasional
15654,2,Repeat Customer,922.5300000000001,Occasional
15655,1,One-time Customer,560.6700000000001,One-time
15656,4,Repeat Customer,748.5,Regular
15657,1,One-time Customer,30.0,One-time
15658,5,Repeat Customer,1024.1,Regular
15659,1,One-time Customer,306.45000000000005,One-time
15660,9,Repeat Customer,1600.86,Regular
15661,2,Repeat Customer,309.8,Occasional
15663,1,One-time Customer,138.14,One-time
15664,1,One-time Customer,386.43,One-time
15665,2,Repeat Customer,2242.01,Occasional
15667,1,One-time Customer,301.32000000000005,One-time
15668,1,One-time Customer,76.32000000000001,One-time
15669,4,Repeat Customer,684.34,Regular
15670,1,One-time Customer,173.05,One-time
15671,7,Repeat Customer,2657.13,Regular
15673,4,Repeat Customer,2881.02,Regular
15674,5,Repeat Customer,2446.6000000000004,Regular
15675,3,Repeat Customer,323.69,Occasional
15676,3,Repeat Customer,3435.7599999999998,Occasional
15677,1,One-time Customer,657.23,One-time
15678,1,One-time Customer,352.70000000000005,One-time
15679,4,Repeat Customer,781.2800000000001,Regular
15680,3,Repeat Customer,1333.6799999999998,Occasional
15681,5,Repeat Customer,1426.16,Regular
15683,1,One-time Customer,193.75,One-time
15687,9,Repeat Customer,2993.1,Regular
15689,2,Repeat Customer,254.1,Occasional
15690,2,Repeat Customer,239.76,Occasional
15691,1,One-time Customer,136.8,One-time
15692,1,One-time Customer,191.03999999999996,One-time
15694,14,Repeat Customer,6479.4,Loyal
15695,2,Repeat Customer,409.98,Occasional
15696,8,Repeat Customer,2736.46,Regular
15699,1,One-time Customer,309.6499999999999,One-time
15700,2,Repeat Customer,696.6799999999998,Occasional
15701,4,Repeat Customer,1542.1399999999999,Regular
15703,1,One-time Customer,211.5,One-time
15704,4,Repeat Customer,2293.62,Regular
15705,1,One-time Customer,143.10000000000002,One-time
15706,4,Repeat Customer,1060.56,Regular
15707,4,Repeat Customer,945.5799999999998,Regular
15708,7,Repeat Customer,3364.24,Regular
15709,1,One-time Customer,133.25,One-time
15712,5,Repeat Customer,1072.36,Regular
15713,2,Repeat Customer,356.7,Occasional
15714,2,Repeat Customer,330.87999999999994,Occasional
15716,4,Repeat Customer,1118.81,Regular
15717,1,One-time Customer,150.3,One-time
15719,13,Repeat Customer,5045.610000000001,Loyal
15720,1,One-time Customer,598.73,One-time
15721,1,One-time Customer,507.08,One-time
15722,5,Repeat Customer,2222.56,Regular
15723,1,One-time Customer,203.10000000000002,One-time
15724,2,Repeat Customer,218.25,Occasional
15725,1,One-time Customer,415.25,One-time
15727,7,Repeat Customer,5178.959999999999,Regular
15729,1,One-time Customer,85.0,One-time
15730,3,Repeat Customer,1120.88,Occasional
15732,2,Repeat Customer,294.11999999999995,Occasional
15733,1,One-time Customer,162.3,One-time
15734,2,Repeat Customer,1339.45,Occasional
15737,8,Repeat Customer,1205.1200000000001,Regular
15738,16,Repeat Customer,4812.42,Loyal
15739,1,One-time Customer,449.12,One-time
15740,1,One-time Customer,154.88000000000002,One-time
15743,4,Repeat Customer,784.4600000000002,Regular
15744,1,One-time Customer,34.8,One-time
15745,4,Repeat Customer,1094.59,Regular
15746,1,One-time Customer,196.88000000000002,One-time
15747,3,Repeat Customer,974.0399999999998,Occasional
15748,1,One-time Customer,149.30999999999997,One-time
15749,3,Repeat Customer,44534.3,Occasional
15750,8,Repeat Customer,2465.48,Regular
15752,7,Repeat Customer,2637.38,Regular
15753,1,One-time Customer,79.2,One-time
15754,3,Repeat Customer,458.57,Occasional
15755,6,Repeat Customer,2364.25,Regular
15756,4,Repeat Customer,532.96,Regular
15757,2,Repeat Customer,714.4200000000001,Occasional
15758,1,One-time Customer,205.25,One-time
15759,3,Repeat Customer,253.04000000000002,Occasional
15762,2,Repeat Customer,583.75,Occasional
15763,2,Repeat Customer,1086.9200000000003,Occasional
15764,6,Repeat Customer,3279.97,Regular
15766,1,One-time Customer,315.05999999999995,One-time
15768,3,Repeat Customer,621.83,Occasional
15769,26,Repeat Customer,56252.72,Loyal
15773,1,One-time Customer,635.6800000000001,One-time
15774,1,One-time Customer,270.79999999999995,One-time
15775,1,One-time Customer,104.9,One-time
15776,1,One-time Customer,241.61999999999998,One-time
15777,4,Repeat Customer,1047.1100000000001,Regular
15780,3,Repeat Customer,475.28,Occasional
15781,3,Repeat Customer,345.46000000000004,Occasional
15782,3,Repeat Customer,2614.7400000000002,Occasional
15783,1,One-time Customer,246.3,One-time
15785,5,Repeat Customer,2328.9700000000003,Regular
15786,3,Repeat Customer,4932.2,Occasional
15787,3,Repeat Customer,948.05,Occasional
15789,1,One-time Customer,351.3,One-time
15790,1,One-time Customer,220.85,One-time
15791,2,Repeat Customer,1612.69,Occasional
15793,3,Repeat Customer,965.6099999999999,Occasional
15795,1,One-time Customer,610.01,One-time
15796,8,Repeat Customer,2711.56,Regular
15797,4,Repeat Customer,2207.4,Regular
15799,3,Repeat Customer,884.14,Occasional
15800,2,Repeat Customer,699.0799999999999,Occasional
15801,3,Repeat Customer,1063.95,Occasional
15802,1,One-time Customer,451.42,One-time
15803,1,One-time Customer,415.82000000000005,One-time
15804,13,Repeat Customer,4206.389999999999,Loyal
15805,17,Repeat Customer,5528.4800000000005,Loyal
15806,3,Repeat Customer,784.5799999999999,Occasional
15807,3,Repeat Customer,903.9000000000001,Occasional
15808,4,Repeat Customer,3734.9700000000003,Regular
15809,5,Repeat Customer,515.77,Regular
15810,4,Repeat Customer,1391.98,Regular
15811,6,Repeat Customer,2218.62,Regular
15812,5,Repeat Customer,1801.14,Regular
15813,2,Repeat Customer,1303.9099999999999,Occasional
15814,4,Repeat Customer,1945.33,Regular
15815,5,Repeat Customer,2100.6,Regular
15819,4,Repeat Customer,1905.4500000000003,Regular
15820,1,One-time Customer,206.98,One-time
15821,2,Repeat Customer,570.9599999999999,Occasional
15822,2,Repeat Customer,885.4699999999999,Occasional
15823,1,One-time Customer,15.0,One-time
15825,1,One-time Customer,532.94,One-time
15826,3,Repeat Customer,1654.3100000000002,Occasional
15827,14,Repeat Customer,1836.0900000000001,Loyal
15829,2,Repeat Customer,636.1399999999998,Occasional
15830,1,One-time Customer,576.0,One-time
15831,3,Repeat Customer,801.76,Occasional
15832,1,One-time Customer,836.7900000000001,One-time
15834,4,Repeat Customer,2233.75,Regular
15835,4,Repeat Customer,954.09,Regular
15836,1,One-time Customer,137.37,One-time
15837,1,One-time Customer,391.98,One-time
15838,19,Repeat Customer,33643.079999999994,Loyal
15839,3,Repeat Customer,1048.49,Occasional
15840,2,Repeat Customer,355.55999999999995,Occasional
15841,4,Repeat Customer,1224.06,Regular
15843,1,One-time Customer,118.95000000000002,One-time
15844,1,One-time Customer,130.73999999999998,One-time
15845,8,Repeat Customer,3711.77,Regular
15847,2,Repeat Customer,389.2699999999999,Occasional
15850,2,Repeat Customer,238.85,Occasional
15852,2,Repeat Customer,160.70999999999998,Occasional
15853,1,One-time Customer,110.80000000000001,One-time
15854,12,Repeat Customer,2974.6499999999996,Loyal
15855,5,Repeat Customer,712.24,Regular
15856,27,Repeat Customer,16387.57,Loyal
15857,1,One-time Customer,296.99999999999994,One-time
15858,5,Repeat Customer,1438.8500000000001,Regular
15860,8,Repeat Customer,977.2099999999998,Regular
15861,8,Repeat Customer,3165.3599999999997,Regular
15862,4,Repeat Customer,832.88,Regular
15863,2,Repeat Customer,68.84,Occasional
15864,6,Repeat Customer,1936.3200000000004,Regular
15865,3,Repeat Customer,895.13,Occasional
15866,1,One-time Customer,230.53,One-time
15867,15,Repeat Customer,3812.64,Loyal
15869,2,Repeat Customer,149.64000000000001,Occasional
15870,1,One-time Customer,354.09000000000003,One-time
15872,2,Repeat Customer,360.93,Occasional
15874,7,Repeat Customer,4405.88,Regular
15877,2,Repeat Customer,493.28000000000003,Occasional
15880,1,One-time Customer,343.28,One-time
15881,5,Repeat Customer,501.39000000000004,Regular
15882,4,Repeat Customer,516.36,Regular
15883,2,Repeat Customer,396.47999999999996,Occasional
15885,3,Repeat Customer,379.35,Occasional
15886,1,One-time Customer,181.09000000000003,One-time
15888,1,One-time Customer,168.31,One-time
15889,2,Repeat Customer,446.87,Occasional
15891,1,One-time Customer,524.52,One-time
15894,2,Repeat Customer,263.55,Occasional
15895,1,One-time Customer,179.17000000000002,One-time
15897,2,Repeat Customer,222.05,Occasional
15898,5,Repeat Customer,1388.88,Regular
15899,1,One-time Customer,56.25,One-time
15900,1,One-time Customer,351.11000000000007,One-time
15901,3,Repeat Customer,363.88,Occasional
15903,7,Repeat Customer,5126.76,Regular
15904,1,One-time Customer,164.67999999999998,One-time
15906,7,Repeat Customer,1567.6899999999998,Regular
15907,3,Repeat Customer,967.45,Occasional
15909,1,One-time Customer,191.93999999999997,One-time
15910,8,Repeat Customer,1232.18,Regular
15912,2,Repeat Customer,264.61999999999995,Occasional
15916,8,Repeat Customer,1528.0900000000001,Regular
15917,1,One-time Customer,123.10000000000001,One-time
15918,2,Repeat Customer,334.23,Occasional
15919,2,Repeat Customer,639.8900000000001,Occasional
15920,4,Repeat Customer,167.5,Regular
15921,1,One-time Customer,336.03000000000003,One-time
15922,1,One-time Customer,369.50000000000006,One-time
15923,1,One-time Customer,127.08000000000001,One-time
15925,1,One-time Customer,207.14999999999998,One-time
15930,1,One-time Customer,426.63000000000005,One-time
15932,8,Repeat Customer,2495.8700000000003,Regular
15933,3,Repeat Customer,1107.4600000000003,Occasional
15935,2,Repeat Customer,416.86,Occasional
15937,1,One-time Customer,145.35,One-time
15938,5,Repeat Customer,404.58,Regular
15939,15,Repeat Customer,6115.009999999999,Loyal
15940,1,One-time Customer,35.8,One-time
15942,1,One-time Customer,337.43999999999994,One-time
15944,1,One-time Customer,325.1,One-time
15945,1,One-time Customer,181.0,One-time
15947,1,One-time Customer,1708.24,One-time
15948,2,Repeat Customer,955.2400000000001,Occasional
15949,2,Repeat Customer,364.72,Occasional
15950,4,Repeat Customer,1765.51,Regular
15951,2,Repeat Customer,708.22,Occasional
15952,4,Repeat Customer,806.5699999999999,Regular
15953,8,Repeat Customer,1659.3799999999999,Regular
15955,14,Repeat Customer,4416.26,Loyal
15957,1,One-time Customer,428.89000000000004,One-time
15958,1,One-time Customer,104.35,One-time
15963,2,Repeat Customer,470.76000000000005,Occasional
15965,4,Repeat Customer,845.64,Regular
15967,2,Repeat Customer,418.83,Occasional
15969,3,Repeat Customer,666.0999999999999,Occasional
15970,1,One-time Customer,314.1,One-time
15971,12,Repeat Customer,4199.85,Loyal
15973,1,One-time Customer,307.82,One-time
15974,7,Repeat Customer,3442.15,Regular
15975,1,One-time Customer,371.01,One-time
15976,2,Repeat Customer,430.94,Occasional
15977,2,Repeat Customer,1054.73,Occasional
15978,1,One-time Customer,1098.78,One-time
15980,3,Repeat Customer,2398.8599999999997,Occasional
15981,8,Repeat Customer,3408.48,Regular
15983,4,Repeat Customer,1475.02,Regular
15984,10,Repeat Customer,2837.67,Regular
15985,2,Repeat Customer,1142.4199999999998,Occasional
15986,1,One-time Customer,168.11999999999998,One-time
15987,7,Repeat Customer,1451.28,Regular
15988,1,One-time Customer,158.03,One-time
15990,2,Repeat Customer,792.1100000000001,Occasional
15992,1,One-time Customer,41.989999999999995,One-time
15993,7,Repeat Customer,2797.57,Regular
15994,1,One-time Customer,427.07000000000005,One-time
15996,6,Repeat Customer,1060.68,Regular
15998,5,Repeat Customer,3089.97,Regular
16000,3,Repeat Customer,12393.699999999999,Occasional
16003,5,Repeat Customer,2735.37,Regular
16005,4,Repeat Customer,615.3900000000001,Regular
16006,1,One-time Customer,101.4,One-time
16007,4,Repeat Customer,1701.94,Regular
16008,3,Repeat Customer,478.78000000000003,Occasional
16009,4,Repeat Customer,992.7100000000002,Regular
16010,3,Repeat Customer,407.50000000000006,Occasional
16011,16,Repeat Customer,3362.7099999999996,Loyal
16012,3,Repeat Customer,1415.29,Occasional
16013,47,Repeat Customer,37130.600000000006,Loyal
16014,3,Repeat Customer,662.3800000000001,Occasional
16015,3,Repeat Customer,705.39,Occasional
16016,8,Repeat Customer,1508.7600000000002,Regular
16017,1,One-time Customer,211.88,One-time
16018,2,Repeat Customer,408.90000000000003,Occasional
16019,9,Repeat Customer,3786.24,Regular
16020,3,Repeat Customer,851.01,Occasional
16022,1,One-time Customer,628.2800000000002,One-time
16023,3,Repeat Customer,719.81,Occasional
16024,1,One-time Customer,251.24,One-time
16025,1,One-time Customer,439.65999999999997,One-time
16026,1,One-time Customer,236.09,One-time
16027,6,Repeat Customer,934.6199999999999,Regular
16029,63,Repeat Customer,81024.84,Loyal
16030,1,One-time Customer,331.24,One-time
16031,2,Repeat Customer,548.94,Occasional
16033,20,Repeat Customer,8816.4,Loyal
16034,3,Repeat Customer,437.69999999999993,Occasional
16036,2,Repeat Customer,758.9199999999998,Occasional
16037,3,Repeat Customer,855.0200000000001,Occasional
16038,3,Repeat Customer,471.78,Occasional
16040,3,Repeat Customer,1313.5500000000002,Occasional
16041,3,Repeat Customer,3166.4,Occasional
16042,5,Repeat Customer,1197.2700000000002,Regular
16043,4,Repeat Customer,773.99,Regular
16045,4,Repeat Customer,1340.7,Regular
16048,2,Repeat Customer,256.44000000000005,Occasional
16049,3,Repeat Customer,1111.79,Occasional
16050,1,One-time Customer,137.89999999999998,One-time
16052,1,One-time Customer,362.05999999999995,One-time
16053,2,Repeat Customer,1511.9500000000003,Occasional
16054,1,One-time Customer,783.9000000000001,One-time
16055,1,One-time Customer,134.8,One-time
16056,1,One-time Customer,664.85,One-time
16057,7,Repeat Customer,2263.12,Regular
16059,6,Repeat Customer,1459.8600000000001,Regular
16062,4,Repeat Customer,1153.62,Regular
16063,1,One-time Customer,335.32000000000005,One-time
16065,1,One-time Customer,372.09,One-time
16066,5,Repeat Customer,1521.8700000000003,Regular
16070,2,Repeat Customer,852.15,Occasional
16071,1,One-time Customer,326.24,One-time
16072,1,One-time Customer,584.32,One-time
16073,1,One-time Customer,122.39999999999999,One-time
16076,10,Repeat Customer,2234.73,Regular
16078,1,One-time Customer,79.2,One-time
16079,3,Repeat Customer,1352.0000000000002,Occasional
16080,2,Repeat Customer,217.16000000000003,Occasional
16081,5,Repeat Customer,2806.8999999999996,Regular
16083,2,Repeat Customer,1317.62,Occasional
16084,1,One-time Customer,436.18,One-time
16085,5,Repeat Customer,981.51,Regular
16086,5,Repeat Customer,1121.3899999999999,Regular
16091,2,Repeat Customer,315.06,Occasional
16092,3,Repeat Customer,817.86,Occasional
16093,1,One-time Customer,17.0,One-time
16094,4,Repeat Customer,1078.2299999999998,Regular
16096,1,One-time Customer,320.62,One-time
16097,1,One-time Customer,185.05,One-time
16098,7,Repeat Customer,2005.63,Regular
16099,3,Repeat Customer,731.8999999999997,Occasional
16101,1,One-time Customer,1290.6999999999998,One-time
16102,3,Repeat Customer,1842.14,Occasional
16103,6,Repeat Customer,1429.6399999999999,Regular
16104,1,One-time Customer,302.36,One-time
16105,1,One-time Customer,336.96,One-time
16106,1,One-time Customer,108.38,One-time
16107,7,Repeat Customer,3204.16,Regular
16108,1,One-time Customer,842.5,One-time
16109,2,Repeat Customer,611.8800000000001,Occasional
16110,3,Repeat Customer,1337.48,Occasional
16112,4,Repeat Customer,195.74,Regular
16113,1,One-time Customer,161.38,One-time
16114,1,One-time Customer,135.75000000000003,One-time
16115,8,Repeat Customer,1667.97,Regular
16116,1,One-time Customer,612.7800000000001,One-time
16117,1,One-time Customer,232.21,One-time
16119,2,Repeat Customer,423.36,Occasional
16120,4,Repeat Customer,1309.14,Regular
16121,2,Repeat Customer,867.1099999999999,Occasional
16122,4,Repeat Customer,684.42,Regular
16123,1,One-time Customer,307.78000000000003,One-time
16124,1,One-time Customer,249.0,One-time
16125,1,One-time Customer,289.35,One-time
16126,4,Repeat Customer,6287.77,Regular
16127,1,One-time Customer,656.25,One-time
16128,5,Repeat Customer,1880.2199999999998,Regular
16131,6,Repeat Customer,3506.540000000001,Regular
16133,33,Repeat Customer,14589.039999999999,Loyal
16134,2,Repeat Customer,618.09,Occasional
16135,1,One-time Customer,517.5500000000001,One-time
16136,3,Repeat Customer,709.3800000000002,Occasional
16139,3,Repeat Customer,635.4100000000001,Occasional
16140,2,Repeat Customer,725.1800000000001,Occasional
16141,1,One-time Customer,620.4,One-time
16142,1,One-time Customer,535.3399999999999,One-time
16143,6,Repeat Customer,2424.94,Regular
16144,1,One-time Customer,175.2,One-time
16145,11,Repeat Customer,3799.4900000000002,Loyal
16146,3,Repeat Customer,734.1299999999999,Occasional
16147,1,One-time Customer,374.99999999999994,One-time
16148,1,One-time Customer,76.32000000000001,One-time
16149,2,Repeat Customer,280.52000000000004,Occasional
16150,5,Repeat Customer,2053.02,Regular
16152,1,One-time Customer,1829.0399999999997,One-time
16153,5,Repeat Customer,1824.23,Regular
16156,9,Repeat Customer,3122.04,Regular
16157,3,Repeat Customer,656.6899999999999,Occasional
16159,1,One-time Customer,348.2000000000001,One-time
16160,2,Repeat Customer,1025.44,Occasional
16161,19,Repeat Customer,5575.5599999999995,Loyal
16162,1,One-time Customer,37.4,One-time
16163,2,Repeat Customer,856.6000000000001,Occasional
16164,3,Repeat Customer,822.48,Occasional
16168,27,Repeat Customer,3787.6000000000004,Loyal
16169,4,Repeat Customer,1822.9700000000003,Regular
16170,6,Repeat Customer,1885.0500000000004,Regular
16171,1,One-time Customer,73.2,One-time
16172,5,Repeat Customer,1140.2100000000003,Regular
16173,6,Repeat Customer,1418.32,Regular
16174,3,Repeat Customer,1009.55,Occasional
16175,4,Repeat Customer,1037.5900000000001,Regular
16177,1,One-time Customer,331.95,One-time
16178,1,One-time Customer,197.9,One-time
16179,1,One-time Customer,215.83,One-time
16180,8,Repeat Customer,10254.18,Regular
16181,1,One-time Customer,305.5400000000001,One-time
16182,4,Repeat Customer,6617.65,Regular
16183,1,One-time Customer,338.7100000000001,One-time
16184,6,Repeat Customer,1158.79,Regular
16185,2,Repeat Customer,529.4100000000001,Occasional
16186,12,Repeat Customer,4006.9400000000005,Loyal
16187,15,Repeat Customer,6911.4400000000005,Loyal
16188,4,Repeat Customer,981.8599999999999,Regular
16189,2,Repeat Customer,215.47999999999996,Occasional
16190,1,One-time Customer,215.08,One-time
16191,13,Repeat Customer,5180.52,Loyal
16193,1,One-time Customer,314.45000000000005,One-time
16198,1,One-time Customer,400.681,One-time
16200,2,Repeat Customer,1080.62,Occasional
16201,4,Repeat Customer,1863.4700000000003,Regular
16202,1,One-time Customer,365.27,One-time
16203,4,Repeat Customer,592.9,Regular
16204,1,One-time Customer,405.71,One-time
16205,4,Repeat Customer,761.38,Regular
16206,4,Repeat Customer,537.0600000000001,Regular
16207,1,One-time Customer,394.38,One-time
16208,2,Repeat Customer,664.26,Occasional
16209,5,Repeat Customer,2262.6199999999994,Regular
16210,18,Repeat Customer,21086.300000000003,Loyal
16211,1,One-time Customer,547.0200000000001,One-time
16212,2,Repeat Customer,690.3399999999999,Occasional
16213,1,One-time Customer,159.0,One-time
16214,3,Repeat Customer,1062.75,Occasional
16215,1,One-time Customer,242.35000000000002,One-time
16216,1,One-time Customer,914.9299999999998,One-time
16217,2,Repeat Customer,304.25000000000006,Occasional
16218,7,Repeat Customer,3084.68,Regular
16221,3,Repeat Customer,864.86,Occasional
16222,1,One-time Customer,846.72,One-time
16224,4,Repeat Customer,1295.3,Regular
16225,5,Repeat Customer,1096.3200000000002,Regular
16226,3,Repeat Customer,255.12,Occasional
16227,1,One-time Customer,314.22,One-time
16229,2,Repeat Customer,1010.5999999999998,Occasional
16230,2,Repeat Customer,542.03,Occasional
16232,4,Repeat Customer,990.8799999999999,Regular
16233,3,Repeat Customer,536.68,Occasional
16235,5,Repeat Customer,867.3099999999998,Regular
16236,1,One-time Customer,432.19999999999993,One-time
16239,2,Repeat Customer,414.2,Occasional
16240,2,Repeat Customer,3718.8,Occasional
16241,13,Repeat Customer,2607.8700000000003,Loyal
16242,7,Repeat Customer,3603.21,Regular
16243,2,Repeat Customer,409.1,Occasional
16244,2,Repeat Customer,1522.75,Occasional
16245,3,Repeat Customer,1413.66,Occasional
16247,1,One-time Customer,114.56,One-time
16248,1,One-time Customer,152.94,One-time
16249,5,Repeat Customer,1800.0700000000002,Regular
16250,2,Repeat Customer,389.44,Occasional
16253,2,Repeat Customer,3683.8599999999997,Occasional
16255,8,Repeat Customer,2619.91,Regular
16256,1,One-time Customer,752.4300000000002,One-time
16257,1,One-time Customer,46.95,One-time
16258,5,Repeat Customer,5203.510000000001,Regular
16260,1,One-time Customer,1035.45,One-time
16261,4,Repeat Customer,746.83,Regular
16265,9,Repeat Customer,5447.0,Regular
16266,7,Repeat Customer,861.8899999999999,Regular
16268,2,Repeat Customer,667.65,Occasional
16270,1,One-time Customer,1141.2399999999996,One-time
16271,5,Repeat Customer,1429.2400000000002,Regular
16272,1,One-time Customer,411.7,One-time
16274,1,One-time Customer,357.94999999999993,One-time
16275,1,One-time Customer,559.87,One-time
16276,1,One-time Customer,810.6000000000001,One-time
16278,1,One-time Customer,566.38,One-time
16279,3,Repeat Customer,1509.5800000000002,Occasional
16281,1,One-time Customer,2062.0600000000004,One-time
16282,1,One-time Customer,168.3,One-time
16283,5,Repeat Customer,1570.81,Regular
16284,2,Repeat Customer,823.97,Occasional
16287,1,One-time Customer,142.5,One-time
16292,1,One-time Customer,302.25,One-time
16293,10,Repeat Customer,2248.99,Regular
16295,4,Repeat Customer,1328.5500000000004,Regular
16297,1,One-time Customer,301.90000000000003,One-time
16298,3,Repeat Customer,598.1999999999999,Occasional
16302,1,One-time Customer,233.22,One-time
16303,3,Repeat Customer,5360.630000000001,Occasional
16305,1,One-time Customer,361.21999999999986,One-time
16306,6,Repeat Customer,632.27,Regular
16308,4,Repeat Customer,2560.0,Regular
16309,2,Repeat Customer,706.57,Occasional
16311,2,Repeat Customer,616.26,Occasional
16313,2,Repeat Customer,274.15000000000003,Occasional
16315,1,One-time Customer,226.37,One-time
16316,8,Repeat Customer,2938.91,Regular
16317,3,Repeat Customer,1341.65,Occasional
16318,1,One-time Customer,328.15,One-time
16319,1,One-time Customer,404.40000000000003,One-time
16320,2,Repeat Customer,1038.46,Occasional
16321,5,Repeat Customer,373.65,Regular
16322,2,Repeat Customer,326.74999999999994,Occasional
16323,1,One-time Customer,207.50000000000003,One-time
16324,3,Repeat Customer,428.67999999999995,Occasional
16325,3,Repeat Customer,594.24,Occasional
16326,14,Repeat Customer,3110.96,Loyal
16327,6,Repeat Customer,3844.2200000000003,Regular
16330,3,Repeat Customer,251.91,Occasional
16332,7,Repeat Customer,1593.2,Regular
16333,22,Repeat Customer,26626.8,Loyal
16337,1,One-time Customer,151.05,One-time
16338,1,One-time Customer,214.8,One-time
16339,1,One-time Customer,109.95000000000002,One-time
16340,1,One-time Customer,549.07,One-time
16341,4,Repeat Customer,1971.87,Regular
16342,4,Repeat Customer,322.41,Regular
16343,2,Repeat Customer,370.47999999999996,Occasional
16344,1,One-time Customer,101.10000000000001,One-time
16345,1,One-time Customer,575.4100000000001,One-time
16347,2,Repeat Customer,887.6500000000001,Occasional
16348,7,Repeat Customer,1469.45,Regular
16349,1,One-time Customer,53.5,One-time
16350,4,Repeat Customer,1116.47,Regular
16351,1,One-time Customer,153.9,One-time
16352,2,Repeat Customer,494.44,Occasional
16353,23,Repeat Customer,6675.710000000001,Loyal
16354,2,Repeat Customer,395.8,Occasional
16356,3,Repeat Customer,211.77,Occasional
16357,3,Repeat Customer,658.88,Occasional
16358,4,Repeat Customer,2027.5,Regular
16359,9,Repeat Customer,1750.9200000000003,Regular
16360,6,Repeat Customer,3512.53,Regular
16361,4,Repeat Customer,896.6600000000001,Regular
16362,5,Repeat Customer,734.77,Regular
16363,1,One-time Customer,109.36000000000001,One-time
16364,2,Repeat Customer,707.0399999999998,Occasional
16365,9,Repeat Customer,1540.42,Regular
16366,1,One-time Customer,327.3,One-time
16367,2,Repeat Customer,804.49,Occasional
16368,2,Repeat Customer,497.42999999999995,Occasional
16369,3,Repeat Customer,1553.66,Occasional
16370,4,Repeat Customer,1320.56,Regular
16372,2,Repeat Customer,367.92999999999995,Occasional
16374,2,Repeat Customer,473.03,Occasional
16376,2,Repeat Customer,987.01,Occasional
16377,1,One-time Customer,676.2,One-time
16378,3,Repeat Customer,362.9500000000001,Occasional
16379,4,Repeat Customer,2157.4000000000005,Regular
16380,1,One-time Customer,1780.59,One-time
16383,2,Repeat Customer,668.3599999999998,Occasional
16384,2,Repeat Customer,584.5,Occasional
16385,3,Repeat Customer,555.89,Occasional
16386,2,Repeat Customer,317.2,Occasional
16387,1,One-time Customer,94.36,One-time
16389,4,Repeat Customer,1382.0699999999997,Regular
16392,1,One-time Customer,221.18999999999997,One-time
16393,13,Repeat Customer,3046.21,Loyal
16394,5,Repeat Customer,1555.3400000000001,Regular
16395,5,Repeat Customer,1486.9,Regular
16398,2,Repeat Customer,1705.8,Occasional
16399,2,Repeat Customer,408.57,Occasional
16400,1,One-time Customer,303.93,One-time
16401,12,Repeat Customer,4098.32,Loyal
16402,2,Repeat Customer,299.6,Occasional
16403,1,One-time Customer,177.5,One-time
16404,1,One-time Customer,443.05000000000007,One-time
16405,2,Repeat Customer,167.25,Occasional
16406,1,One-time Customer,163.07,One-time
16407,10,Repeat Customer,2126.9300000000003,Regular
16409,5,Repeat Customer,2028.88,Regular
16411,2,Repeat Customer,214.64999999999998,Occasional
16412,1,One-time Customer,151.83,One-time
16413,1,One-time Customer,262.2,One-time
16414,2,Repeat Customer,126.25,Occasional
16415,1,One-time Customer,210.34999999999997,One-time
16416,3,Repeat Customer,1051.4,Occasional
16418,3,Repeat Customer,675.2700000000002,Occasional
16419,6,Repeat Customer,972.23,Regular
16422,51,Repeat Customer,34684.4,Loyal
16423,1,One-time Customer,346.12,One-time
16424,1,One-time Customer,133.56,One-time
16425,1,One-time Customer,302.69999999999993,One-time
16426,10,Repeat Customer,1908.25,Regular
16427,2,Repeat Customer,241.06,Occasional
16429,1,One-time Customer,284.55,One-time
16430,1,One-time Customer,300.85,One-time
16431,3,Repeat Customer,642.8100000000001,Occasional
16432,1,One-time Customer,287.4,One-time
16433,1,One-time Customer,184.26,One-time
16434,7,Repeat Customer,1522.2500000000002,Regular
16438,5,Repeat Customer,798.35,Regular
16440,5,Repeat Customer,3640.6699999999996,Regular
16441,2,Repeat Customer,381.2,Occasional
16442,3,Repeat Customer,616.79,Occasional
16444,4,Repeat Customer,654.6700000000001,Regular
16445,1,One-time Customer,230.51000000000002,One-time
16446,2,Repeat Customer,168472.5,Occasional
16447,1,One-time Customer,259.01,One-time
16448,1,One-time Customer,188.89000000000001,One-time
16449,2,Repeat Customer,707.69,Occasional
16450,1,One-time Customer,311.92,One-time
16451,1,One-time Customer,266.97,One-time
16454,2,Repeat Customer,6.9,Occasional
16455,7,Repeat Customer,1841.18,Regular
16456,5,Repeat Customer,2158.3700000000003,Regular
16457,1,One-time Customer,208.35999999999999,One-time
16458,18,Repeat Customer,3482.7400000000007,Loyal
16460,3,Repeat Customer,814.72,Occasional
16461,1,One-time Customer,151.41999999999996,One-time
16462,3,Repeat Customer,136.0,Occasional
16463,4,Repeat Customer,1422.4,Regular
16464,3,Repeat Customer,1314.68,Occasional
16466,7,Repeat Customer,1603.46,Regular
16468,1,One-time Customer,74.9,One-time
16469,4,Repeat Customer,650.4300000000001,Regular
16470,4,Repeat Customer,762.3900000000001,Regular
16471,1,One-time Customer,223.95,One-time
16473,3,Repeat Customer,316.11,Occasional
16474,7,Repeat Customer,1871.5,Regular
16475,4,Repeat Customer,544.3,Regular
16477,7,Repeat Customer,2494.46,Regular
16478,3,Repeat Customer,331.0,Occasional
16479,2,Repeat Customer,300.83,Occasional
16480,1,One-time Customer,769.29,One-time
16482,1,One-time Customer,220.62,One-time
16483,1,One-time Customer,139.35,One-time
16484,2,Repeat Customer,404.30000000000007,Occasional
16485,1,One-time Customer,363.65,One-time
16488,3,Repeat Customer,498.79999999999995,Occasional
16491,1,One-time Customer,731.5,One-time
16493,4,Repeat Customer,1351.63,Regular
16494,1,One-time Customer,826.5299999999999,One-time
16495,3,Repeat Customer,684.41,Occasional
16496,3,Repeat Customer,1599.52,Occasional
16497,6,Repeat Customer,2965.69,Regular
16498,2,Repeat Customer,100.97000000000001,Occasional
16499,2,Repeat Customer,365.45000000000005,Occasional
16500,6,Repeat Customer,400.86,Regular
16503,4,Repeat Customer,1431.9299999999998,Regular
16504,1,One-time Customer,484.38,One-time
16505,1,One-time Customer,777.6,One-time
16506,2,Repeat Customer,90.30000000000001,Occasional
16509,1,One-time Customer,363.70000000000005,One-time
16510,1,One-time Customer,248.10000000000002,One-time
16511,3,Repeat Customer,950.26,Occasional
16513,4,Repeat Customer,874.5899999999999,Regular
16515,5,Repeat Customer,1627.13,Regular
16516,1,One-time Customer,101.7,One-time
16517,1,One-time Customer,162.70000000000005,One-time
16518,2,Repeat Customer,484.32000000000005,Occasional
16519,2,Repeat Customer,215.08,Occasional
16520,3,Repeat Customer,1046.57,Occasional
16523,21,Repeat Customer,9418.470000000001,Loyal
16525,26,Repeat Customer,13027.45,Loyal
16526,1,One-time Customer,290.35999999999996,One-time
16527,1,One-time Customer,228.06000000000003,One-time
16528,1,One-time Customer,244.41000000000003,One-time
16529,1,One-time Customer,455.25,One-time
16531,7,Repeat Customer,1244.59,Regular
16532,3,Repeat Customer,6748.8,Occasional
16533,3,Repeat Customer,1095.5600000000002,Occasional
16535,1,One-time Customer,593.75,One-time
16536,1,One-time Customer,548.97,One-time
16539,4,Repeat Customer,1388.81,Regular
16542,1,One-time Customer,119.62,One-time
16545,1,One-time Customer,339.3,One-time
16546,2,Repeat Customer,787.15,Occasional
16549,10,Repeat Customer,4154.639999999999,Regular
16550,5,Repeat Customer,2298.97,Regular
16551,3,Repeat Customer,922.12,Occasional
16552,2,Repeat Customer,379.73,Occasional
16553,12,Repeat Customer,5719.82,Loyal
16554,3,Repeat Customer,837.0999999999999,Occasional
16555,2,Repeat Customer,285.89,Occasional
16556,7,Repeat Customer,3313.79,Regular
16557,2,Repeat Customer,281.84999999999997,Occasional
16558,20,Repeat Customer,8338.490000000002,Loyal
16560,2,Repeat Customer,841.4100000000001,Occasional
16561,2,Repeat Customer,511.12,Occasional
16563,1,One-time Customer,1077.74,One-time
16565,1,One-time Customer,173.7,One-time
16566,5,Repeat Customer,614.6600000000001,Regular
16567,2,Repeat Customer,865.6,Occasional
16569,1,One-time Customer,124.2,One-time
16570,10,Repeat Customer,3738.4,Regular
16571,3,Repeat Customer,1421.69,Occasional
16572,3,Repeat Customer,1009.6,Occasional
16573,2,Repeat Customer,663.61,Occasional
16574,1,One-time Customer,451.43999999999994,One-time
16581,1,One-time Customer,105.84,One-time
16582,1,One-time Customer,313.61999999999995,One-time
16583,1,One-time Customer,233.45000000000002,One-time
16584,2,Repeat Customer,936.0799999999998,Occasional
16586,1,One-time Customer,463.95,One-time
16587,1,One-time Customer,225.14999999999995,One-time
16589,3,Repeat Customer,459.24,Occasional
16591,1,One-time Customer,213.5,One-time
16592,16,Repeat Customer,4113.68,Loyal
16593,3,Repeat Customer,330.03000000000003,Occasional
16594,1,One-time Customer,181.09,One-time
16595,1,One-time Customer,360.15999999999997,One-time
16596,2,Repeat Customer,250.14999999999998,Occasional
16597,1,One-time Customer,90.04000000000002,One-time
16598,1,One-time Customer,145.05,One-time
16600,6,Repeat Customer,813.5199999999999,Regular
16601,1,One-time Customer,244.79999999999995,One-time
16602,1,One-time Customer,528.0799999999999,One-time
16603,2,Repeat Customer,482.47,Occasional
16607,14,Repeat Customer,3347.71,Loyal
16609,7,Repeat Customer,5493.46,Regular
16610,1,One-time Customer,75.66,One-time
16611,1,One-time Customer,129.49,One-time
16612,4,Repeat Customer,1187.6599999999999,Regular
16613,1,One-time Customer,618.5900000000001,One-time
16614,1,One-time Customer,506.19,One-time
16616,2,Repeat Customer,500.42,Occasional
16617,1,One-time Customer,151.85000000000002,One-time
16618,5,Repeat Customer,2647.5899999999997,Regular
16619,1,One-time Customer,226.21,One-time
16620,2,Repeat Customer,178.96,Occasional
16621,4,Repeat Customer,813.4800000000001,Regular
16623,1,One-time Customer,129.45,One-time
16624,2,Repeat Customer,810.5699999999999,Occasional
16625,1,One-time Customer,333.08,One-time
16626,17,Repeat Customer,4413.1,Loyal
16627,1,One-time Customer,322.80000000000007,One-time
16628,5,Repeat Customer,2188.05,Regular
16629,2,Repeat Customer,417.73,Occasional
16633,6,Repeat Customer,2883.1000000000004,Regular
16634,2,Repeat Customer,217.9,Occasional
16637,4,Repeat Customer,1154.4700000000003,Regular
16638,10,Repeat Customer,1680.72,Regular
16639,3,Repeat Customer,1257.51,Occasional
16641,1,One-time Customer,231.10000000000002,One-time
16642,2,Repeat Customer,688.33,Occasional
16643,1,One-time Customer,487.51,One-time
16644,2,Repeat Customer,833.78,Occasional
16647,2,Repeat Customer,214.06,Occasional
16648,1,One-time Customer,290.65999999999997,One-time
16650,1,One-time Customer,518.4200000000001,One-time
16652,7,Repeat Customer,6773.97,Regular
16653,2,Repeat Customer,1212.6600000000003,Occasional
16654,4,Repeat Customer,601.2699999999999,Regular
16655,6,Repeat Customer,3794.52,Regular
16656,15,Repeat Customer,8625.800000000001,Loyal
16657,4,Repeat Customer,933.6199999999999,Regular
16658,1,One-time Customer,123.24,One-time
16659,1,One-time Customer,39.12,One-time
16660,4,Repeat Customer,1267.6499999999999,Regular
16665,1,One-time Customer,135.39999999999998,One-time
16666,1,One-time Customer,118.97999999999999,One-time
16667,2,Repeat Customer,570.13,Occasional
16668,6,Repeat Customer,306.71999999999997,Regular
16669,3,Repeat Customer,1374.87,Occasional
16670,11,Repeat Customer,4095.9,Loyal
16671,3,Repeat Customer,1692.27,Occasional
16672,20,Repeat Customer,8134.94,Loyal
16674,2,Repeat Customer,319.60999999999996,Occasional
16676,4,Repeat Customer,1592.12,Regular
16678,12,Repeat Customer,3109.99,Loyal
16679,1,One-time Customer,129.75,One-time
16680,1,One-time Customer,183.7,One-time
16681,6,Repeat Customer,1770.3400000000001,Regular
16682,5,Repeat Customer,1027.9999999999998,Regular
16684,28,Repeat Customer,66653.56,Loyal
16685,2,Repeat Customer,324.24,Occasional
16686,7,Repeat Customer,3062.83,Regular
16688,4,Repeat Customer,1260.86,Regular
16689,2,Repeat Customer,422.59999999999997,Occasional
16690,2,Repeat Customer,225.57999999999996,Occasional
16692,2,Repeat Customer,1276.0,Occasional
16693,2,Repeat Customer,482.01,Occasional
16696,4,Repeat Customer,657.9000000000001,Regular
16697,1,One-time Customer,112.75000000000001,One-time
16698,2,Repeat Customer,1998.0,Occasional
16700,13,Repeat Customer,5076.550000000001,Loyal
16701,13,Repeat Customer,5398.299999999999,Loyal
16705,20,Repeat Customer,14034.990000000002,Loyal
16706,3,Repeat Customer,531.3499999999999,Occasional
16708,1,One-time Customer,656.6300000000001,One-time
16709,5,Repeat Customer,3029.8700000000003,Regular
16710,10,Repeat Customer,2483.04,Regular
16711,5,Repeat Customer,1651.03,Regular
16712,11,Repeat Customer,3645.4300000000003,Loyal
16713,15,Repeat Customer,6923.13,Loyal
16714,3,Repeat Customer,1161.53,Occasional
16715,1,One-time Customer,301.71999999999997,One-time
16716,2,Repeat Customer,901.2,Occasional
16717,6,Repeat Customer,3858.38,Regular
16718,1,One-time Customer,623.7500000000001,One-time
16719,7,Repeat Customer,1790.42,Regular
16720,1,One-time Customer,155.24,One-time
16721,1,One-time Customer,292.46999999999997,One-time
16722,13,Repeat Customer,4730.8099999999995,Loyal
16723,2,Repeat Customer,589.1499999999999,Occasional
16725,7,Repeat Customer,781.02,Regular
16726,5,Repeat Customer,1382.02,Regular
16727,1,One-time Customer,272.81999999999994,One-time
16728,4,Repeat Customer,1054.67,Regular
16729,21,Repeat Customer,7239.92,Loyal
16730,3,Repeat Customer,743.11,Occasional
16732,1,One-time Customer,603.7499999999999,One-time
16734,3,Repeat Customer,650.51,Occasional
16735,5,Repeat Customer,2300.56,Regular
16737,1,One-time Customer,417.59999999999997,One-time
16738,1,One-time Customer,3.75,One-time
16739,1,One-time Customer,323.00000000000006,One-time
16742,1,One-time Customer,464.9,One-time
16743,7,Repeat Customer,2238.09,Regular
16744,7,Repeat Customer,1304.76,Regular
16745,17,Repeat Customer,7194.3,Loyal
16746,18,Repeat Customer,6697.66,Loyal
16747,2,Repeat Customer,836.06,Occasional
16748,5,Repeat Customer,1515.8999999999999,Regular
16750,5,Repeat Customer,623.9300000000001,Regular
16751,1,One-time Customer,1764.7199999999998,One-time
16752,1,One-time Customer,207.5,One-time
16753,1,One-time Customer,223.92,One-time
16754,1,One-time Customer,2002.4,One-time
16755,3,Repeat Customer,1496.83,Occasional
16756,1,One-time Customer,239.40000000000003,One-time
16757,1,One-time Customer,106.83,One-time
16758,1,One-time Customer,369.34000000000003,One-time
16759,3,Repeat Customer,789.79,Occasional
16761,1,One-time Customer,316.62,One-time
16762,3,Repeat Customer,1501.3799999999999,Occasional
16763,1,One-time Customer,611.8500000000001,One-time
16764,13,Repeat Customer,2799.25,Loyal
16765,1,One-time Customer,34.0,One-time
16766,2,Repeat Customer,1145.5999999999997,Occasional
16767,11,Repeat Customer,5580.599999999999,Loyal
16768,3,Repeat Customer,478.0899999999999,Occasional
16769,1,One-time Customer,380.39,One-time
16770,5,Repeat Customer,770.1,Regular
16771,5,Repeat Customer,2246.8100000000004,Regular
16773,1,One-time Customer,171.59,One-time
16774,4,Repeat Customer,661.52,Regular
16775,11,Repeat Customer,1695.6599999999999,Loyal
16776,1,One-time Customer,388.2800000000001,One-time
16777,2,Repeat Customer,226.35000000000002,Occasional
16778,2,Repeat Customer,245.94,Occasional
16779,22,Repeat Customer,10629.720000000001,Loyal
16780,2,Repeat Customer,425.19,Occasional
16781,1,One-time Customer,311.25,One-time
16782,13,Repeat Customer,2279.9,Loyal
16784,1,One-time Customer,107.6,One-time
16788,2,Repeat Customer,597.4799999999999,Occasional
16789,1,One-time Customer,80.8,One-time
16790,6,Repeat Customer,1545.6200000000001,Regular
16791,7,Repeat Customer,1721.7799999999997,Regular
16792,2,Repeat Customer,110.38000000000001,Occasional
16793,1,One-time Customer,243.84,One-time
16794,10,Repeat Customer,1222.7099999999998,Regular
16795,1,One-time Customer,414.87999999999994,One-time
16796,1,One-time Customer,305.61999999999995,One-time
16800,1,One-time Customer,1201.4899999999998,One-time
16801,4,Repeat Customer,1619.73,Regular
16803,1,One-time Customer,332.3,One-time
16804,3,Repeat Customer,536.99,Occasional
16805,2,Repeat Customer,460.5899999999999,Occasional
16806,4,Repeat Customer,801.4900000000001,Regular
16807,3,Repeat Customer,1121.59,Occasional
16808,2,Repeat Customer,288.42,Occasional
16809,5,Repeat Customer,914.69,Regular
16810,1,One-time Customer,309.53999999999996,One-time
16811,2,Repeat Customer,547.0699999999999,Occasional
16812,1,One-time Customer,479.3500000000001,One-time
16813,10,Repeat Customer,1692.98,Regular
16814,21,Repeat Customer,6509.1,Loyal
16816,4,Repeat Customer,417.06000000000006,Regular
16817,9,Repeat Customer,1604.75,Regular
16818,11,Repeat Customer,3349.5699999999997,Loyal
16820,1,One-time Customer,497.61,One-time
16823,1,One-time Customer,358.37999999999994,One-time
16824,2,Repeat Customer,460.64,Occasional
16825,2,Repeat Customer,775.1800000000001,Occasional
16826,1,One-time Customer,341.70000000000005,One-time
16828,2,Repeat Customer,128.5,Occasional
16829,1,One-time Customer,197.22,One-time
16830,1,One-time Customer,325.90999999999997,One-time
16832,3,Repeat Customer,199.15,Occasional
16833,4,Repeat Customer,1106.53,Regular
16834,1,One-time Customer,413.46000000000004,One-time
16835,2,Repeat Customer,180.85000000000002,Occasional
16836,2,Repeat Customer,251.87,Occasional
16837,11,Repeat Customer,3170.9799999999996,Loyal
16838,2,Repeat Customer,588.85,Occasional
16839,34,Repeat Customer,16594.35,Loyal
16841,6,Repeat Customer,1869.82,Regular
16842,3,Repeat Customer,1264.19,Occasional
16843,16,Repeat Customer,10196.570000000002,Loyal
16846,1,One-time Customer,214.32000000000002,One-time
16847,1,One-time Customer,193.44,One-time
16848,1,One-time Customer,281.42,One-time
16849,1,One-time Customer,124.57,One-time
16850,1,One-time Customer,332.41,One-time
16851,3,Repeat Customer,342.45000000000005,Occasional
16852,2,Repeat Customer,144.91,Occasional
16855,2,Repeat Customer,328.40000000000003,Occasional
16856,1,One-time Customer,35.400000000000006,One-time
16858,1,One-time Customer,375.69000000000005,One-time
16859,2,Repeat Customer,747.8100000000001,Occasional
16861,2,Repeat Customer,173.76,Occasional
16863,2,Repeat Customer,502.8,Occasional
16866,3,Repeat Customer,207.73999999999998,Occasional
16869,4,Repeat Customer,825.4200000000001,Regular
16871,6,Repeat Customer,2812.34,Regular
16872,3,Repeat Customer,680.02,Occasional
16873,6,Repeat Customer,7123.620000000001,Regular
16875,5,Repeat Customer,2095.53,Regular
16877,6,Repeat Customer,853.7199999999999,Regular
16878,1,One-time Customer,13.3,One-time
16880,7,Repeat Customer,1519.0800000000002,Regular
16881,1,One-time Customer,432.0,One-time
16882,3,Repeat Customer,705.12,Occasional
16883,2,Repeat Customer,276.72999999999996,Occasional
16884,2,Repeat Customer,429.84000000000003,Occasional
16885,3,Repeat Customer,471.51,Occasional
16887,1,One-time Customer,194.88000000000002,One-time
16889,3,Repeat Customer,1578.67,Occasional
16891,5,Repeat Customer,809.7,Regular
16892,5,Repeat Customer,525.5400000000001,Regular
16893,1,One-time Customer,145.93,One-time
16895,1,One-time Customer,219.14000000000001,One-time
16897,2,Repeat Customer,289.78,Occasional
16898,3,Repeat Customer,508.81,Occasional
16899,6,Repeat Customer,1281.56,Regular
16900,3,Repeat Customer,887.11,Occasional
16902,1,One-time Customer,1706.88,One-time
16903,1,One-time Customer,373.24,One-time
16904,16,Repeat Customer,3754.27,Loyal
16905,7,Repeat Customer,3102.4300000000003,Regular
16906,4,Repeat Customer,579.7700000000003,Regular
16907,5,Repeat Customer,981.65,Regular
16909,1,One-time Customer,379.14,One-time
16910,8,Repeat Customer,1510.06,Regular
16912,11,Repeat Customer,2575.38,Loyal
16913,1,One-time Customer,113.44,One-time
16914,1,One-time Customer,208.45999999999995,One-time
16915,6,Repeat Customer,621.6800000000001,Regular
16916,2,Repeat Customer,576.2600000000001,Occasional
16917,1,One-time Customer,391.52000000000004,One-time
16918,6,Repeat Customer,1068.8200000000002,Regular
16919,11,Repeat Customer,2596.4500000000003,Loyal
16921,1,One-time Customer,169.79000000000002,One-time
16923,19,Repeat Customer,7247.610000000001,Loyal
16924,3,Repeat Customer,846.75,Occasional
16926,1,One-time Customer,230.25000000000003,One-time
16927,3,Repeat Customer,543.0500000000001,Occasional
16928,17,Repeat Customer,2847.6,Loyal
16929,7,Repeat Customer,1295.3899999999999,Regular
16930,3,Repeat Customer,380.54999999999995,Occasional
16931,21,Repeat Customer,4604.219999999999,Loyal
16932,1,One-time Customer,161.93999999999997,One-time
16933,2,Repeat Customer,563.23,Occasional
16934,2,Repeat Customer,950.9300000000001,Occasional
16936,1,One-time Customer,262.68,One-time
16938,4,Repeat Customer,2736.38,Regular
16940,3,Repeat Customer,3049.88,Occasional
16942,9,Repeat Customer,1920.59,Regular
16943,3,Repeat Customer,816.7299999999999,Occasional
16945,19,Repeat Customer,4345.5,Loyal
16947,1,One-time Customer,406.48,One-time
16948,3,Repeat Customer,435.02000000000004,Occasional
16949,6,Repeat Customer,1286.2700000000002,Regular
16950,3,Repeat Customer,1178.56,Occasional
16951,3,Repeat Customer,1277.7500000000002,Occasional
16952,2,Repeat Customer,167.60999999999999,Occasional
16953,1,One-time Customer,20.8,One-time
16954,9,Repeat Customer,2085.08,Regular
16955,4,Repeat Customer,518.67,Regular
16956,1,One-time Customer,308.74,One-time
16957,2,Repeat Customer,416.64,Occasional
16959,1,One-time Customer,117.35000000000001,One-time
16960,3,Repeat Customer,507.05,Occasional
16961,1,One-time Customer,234.17000000000002,One-time
16963,1,One-time Customer,110.55000000000001,One-time
16965,1,One-time Customer,201.18999999999994,One-time
16966,7,Repeat Customer,2154.9700000000003,Regular
16967,1,One-time Customer,319.02,One-time
16968,2,Repeat Customer,439.43,Occasional
16969,3,Repeat Customer,650.4100000000001,Occasional
16971,1,One-time Customer,357.21,One-time
16976,1,One-time Customer,251.51999999999998,One-time
16978,1,One-time Customer,344.3299999999999,One-time
16979,6,Repeat Customer,1852.0,Regular
16980,2,Repeat Customer,1078.9600000000003,Occasional
16982,1,One-time Customer,384.06,One-time
16983,7,Repeat Customer,1931.25,Regular
16984,2,Repeat Customer,4481.35,Occasional
16985,10,Repeat Customer,5464.119999999999,Regular
16986,2,Repeat Customer,1873.2,Occasional
16987,7,Repeat Customer,1625.0500000000002,Regular
16988,1,One-time Customer,126.12,One-time
16989,6,Repeat Customer,1133.25,Regular
16990,1,One-time Customer,179.0,One-time
16992,5,Repeat Customer,1614.3099999999997,Regular
16996,6,Repeat Customer,1456.9600000000003,Regular
16997,3,Repeat Customer,702.0,Occasional
16998,4,Repeat Customer,295.0,Regular
16999,2,Repeat Customer,484.82,Occasional
17001,11,Repeat Customer,3989.5699999999997,Loyal
17002,3,Repeat Customer,1493.7300000000002,Occasional
17004,2,Repeat Customer,1412.9400000000003,Occasional
17006,4,Repeat Customer,781.78,Regular
17007,6,Repeat Customer,889.9299999999998,Regular
17010,1,One-time Customer,195.36,One-time
17011,1,One-time Customer,270.9,One-time
17014,3,Repeat Customer,586.3299999999999,Occasional
17015,3,Repeat Customer,1842.56,Occasional
17017,20,Repeat Customer,8694.26,Loyal
17018,2,Repeat Customer,920.1,Occasional
17019,4,Repeat Customer,1272.6100000000001,Regular
17022,1,One-time Customer,71.0,One-time
17024,3,Repeat Customer,95.85,Occasional
17025,3,Repeat Customer,357.77,Occasional
17026,2,Repeat Customer,154.82999999999998,Occasional
17027,6,Repeat Customer,890.2900000000001,Regular
17029,2,Repeat Customer,716.0,Occasional
17030,1,One-time Customer,146.87000000000003,One-time
17031,2,Repeat Customer,380.35,Occasional
17033,3,Repeat Customer,1030.14,Occasional
17034,3,Repeat Customer,745.5200000000001,Occasional
17035,2,Repeat Customer,433.53,Occasional
17037,1,One-time Customer,1267.32,One-time
17038,1,One-time Customer,112.40000000000002,One-time
17040,1,One-time Customer,449.72999999999996,One-time
17041,3,Repeat Customer,1081.57,Occasional
17042,5,Repeat Customer,1044.38,Regular
17043,4,Repeat Customer,1735.18,Regular
17044,1,One-time Customer,948.48,One-time
17045,3,Repeat Customer,339.43999999999994,Occasional
17046,1,One-time Customer,642.0199999999999,One-time
17047,3,Repeat Customer,1100.8999999999999,Occasional
17048,3,Repeat Customer,925.35,Occasional
17049,9,Repeat Customer,5659.98,Regular
17050,6,Repeat Customer,3228.8399999999997,Regular
17051,1,One-time Customer,247.14,One-time
17052,1,One-time Customer,413.74999999999994,One-time
17053,1,One-time Customer,498.47999999999996,One-time
17054,5,Repeat Customer,1356.3300000000002,Regular
17058,3,Repeat Customer,1179.8899999999999,Occasional
17059,5,Repeat Customer,3095.04,Regular
17060,1,One-time Customer,234.24,One-time
17061,11,Repeat Customer,5232.23,Loyal
17062,4,Repeat Customer,538.37,Regular
17063,7,Repeat Customer,1461.14,Regular
17064,3,Repeat Customer,859.35,Occasional
17068,21,Repeat Customer,4552.139999999999,Loyal
17069,9,Repeat Customer,2709.7,Regular
17070,1,One-time Customer,312.14,One-time
17071,9,Repeat Customer,2429.03,Regular
17073,4,Repeat Customer,1446.0900000000001,Regular
17075,4,Repeat Customer,834.1199999999999,Regular
17076,3,Repeat Customer,841.0799999999999,Occasional
17078,2,Repeat Customer,378.20000000000005,Occasional
17079,1,One-time Customer,118.80000000000001,One-time
17080,2,Repeat Customer,287.62,Occasional
17081,2,Repeat Customer,290.15999999999997,Occasional
17082,2,Repeat Customer,2003.85,Occasional
17083,3,Repeat Customer,1405.78,Occasional
17084,2,Repeat Customer,2949.75,Occasional
17085,5,Repeat Customer,1566.65,Regular
17086,6,Repeat Customer,2050.08,Regular
17088,4,Repeat Customer,1991.0100000000002,Regular
17090,7,Repeat Customer,2043.9500000000003,Regular
17091,9,Repeat Customer,3827.7600000000007,Regular
17092,4,Repeat Customer,1777.7800000000002,Regular
17094,1,One-time Customer,301.99999999999994,One-time
17095,3,Repeat Customer,1324.1599999999999,Occasional
17096,4,Repeat Customer,1022.1299999999999,Regular
17097,8,Repeat Customer,954.42,Regular
17100,2,Repeat Customer,971.74,Occasional
17101,4,Repeat Customer,1621.73,Regular
17102,1,One-time Customer,25.5,One-time
17105,2,Repeat Customer,665.7799999999999,Occasional
17107,6,Repeat Customer,10815.43,Regular
17109,6,Repeat Customer,885.0400000000001,Regular
17110,1,One-time Customer,163.3,One-time
17111,1,One-time Customer,248.60999999999996,One-time
17114,8,Repeat Customer,808.62,Regular
17115,3,Repeat Customer,837.4999999999997,Occasional
17117,1,One-time Customer,116.19999999999999,One-time
17118,1,One-time Customer,157.02,One-time
17119,2,Repeat Customer,606.91,Occasional
17120,1,One-time Customer,307.46000000000004,One-time
17122,1,One-time Customer,138.32,One-time
17123,1,One-time Customer,345.29999999999995,One-time
17124,1,One-time Customer,298.89,One-time
17125,1,One-time Customer,259.35,One-time
17126,5,Repeat Customer,1004.75,Regular
17128,1,One-time Customer,157.08999999999997,One-time
17131,5,Repeat Customer,2463.17,Regular
17133,7,Repeat Customer,4892.240000000001,Regular
17134,2,Repeat Customer,425.0,Occasional
17135,7,Repeat Customer,1139.73,Regular
17138,1,One-time Customer,380.5,One-time
17139,12,Repeat Customer,10668.470000000001,Loyal
17140,1,One-time Customer,465.32,One-time
17142,1,One-time Customer,578.9999999999999,One-time
17144,2,Repeat Customer,984.5699999999999,Occasional
17146,3,Repeat Customer,749.78,Occasional
17147,4,Repeat Customer,1714.59,Regular
17148,1,One-time Customer,124.88,One-time
17152,3,Repeat Customer,1689.5,Occasional
17153,1,One-time Customer,213.77999999999997,One-time
17154,1,One-time Customer,329.34,One-time
17155,2,Repeat Customer,251.69999999999993,Occasional
17157,2,Repeat Customer,319.0,Occasional
17158,3,Repeat Customer,1266.97,Occasional
17159,3,Repeat Customer,1538.88,Occasional
17160,6,Repeat Customer,3518.0299999999997,Regular
17162,10,Repeat Customer,1715.46,Regular
17163,2,Repeat Customer,293.1,Occasional
17164,7,Repeat Customer,2467.35,Regular
17165,1,One-time Customer,158.68,One-time
17166,2,Repeat Customer,206.33999999999997,Occasional
17169,2,Repeat Customer,835.7800000000002,Occasional
17171,1,One-time Customer,224.91,One-time
17172,1,One-time Customer,317.76,One-time
17173,8,Repeat Customer,3766.5999999999995,Regular
17174,1,One-time Customer,59.9,One-time
17175,4,Repeat Customer,1443.69,Regular
17176,1,One-time Customer,306.13,One-time
17179,3,Repeat Customer,711.79,Occasional
17180,4,Repeat Customer,796.03,Regular
17181,2,Repeat Customer,239.91999999999996,Occasional
17183,6,Repeat Customer,3347.31,Regular
17186,2,Repeat Customer,144.0,Occasional
17187,1,One-time Customer,203.95,One-time
17188,7,Repeat Customer,2474.23,Regular
17189,2,Repeat Customer,384.40000000000003,Occasional
17190,2,Repeat Customer,444.74,Occasional
17191,7,Repeat Customer,2095.13,Regular
17193,7,Repeat Customer,1699.3000000000002,Regular
17194,2,Repeat Customer,262.62,Occasional
17197,1,One-time Customer,1013.01,One-time
17198,3,Repeat Customer,692.2199999999999,Occasional
17201,1,One-time Customer,342.63,One-time
17203,6,Repeat Customer,3563.8499999999995,Regular
17204,4,Repeat Customer,1564.56,Regular
17205,1,One-time Customer,384.08,One-time
17206,1,One-time Customer,204.24,One-time
17211,8,Repeat Customer,2317.2200000000003,Regular
17212,1,One-time Customer,226.85,One-time
17213,7,Repeat Customer,2781.2300000000005,Regular
17214,6,Repeat Customer,1069.1200000000001,Regular
17217,1,One-time Customer,113.49999999999999,One-time
17218,10,Repeat Customer,1960.7199999999998,Regular
17219,1,One-time Customer,114.23,One-time
17220,14,Repeat Customer,3198.25,Loyal
17221,2,Repeat Customer,335.13000000000005,Occasional
17222,1,One-time Customer,354.15,One-time
17223,2,Repeat Customer,426.79,Occasional
17226,1,One-time Customer,393.48999999999995,One-time
17227,6,Repeat Customer,939.3199999999999,Regular
17228,8,Repeat Customer,1906.09,Regular
17229,2,Repeat Customer,318.76000000000005,Occasional
17230,8,Repeat Customer,3638.41,Regular
17231,10,Repeat Customer,3174.32,Regular
17232,2,Repeat Customer,421.52,Occasional
17233,1,One-time Customer,190.88,One-time
17234,1,One-time Customer,149.89,One-time
17235,2,Repeat Customer,550.0600000000002,Occasional
17236,6,Repeat Customer,916.1300000000001,Regular
17237,2,Repeat Customer,314.69,Occasional
17238,17,Repeat Customer,3744.65,Loyal
17239,1,One-time Customer,382.50000000000006,One-time
17242,2,Repeat Customer,1135.04,Occasional
17243,26,Repeat Customer,8676.849999999999,Loyal
17244,1,One-time Customer,954.9,One-time
17245,1,One-time Customer,171.45,One-time
17247,1,One-time Customer,282.19,One-time
17248,1,One-time Customer,318.65000000000003,One-time
17250,2,Repeat Customer,384.52,Occasional
17251,1,One-time Customer,283.28,One-time
17252,2,Repeat Customer,353.85999999999996,Occasional
17253,1,One-time Customer,178.26,One-time
17254,2,Repeat Customer,272.44,Occasional
17255,2,Repeat Customer,298.41,Occasional
17256,2,Repeat Customer,240.0,Occasional
17259,2,Repeat Customer,603.37,Occasional
17262,5,Repeat Customer,1253.3600000000001,Regular
17263,1,One-time Customer,63.440000000000005,One-time
17265,2,Repeat Customer,562.9000000000002,Occasional
17266,3,Repeat Customer,310.64,Occasional
17267,2,Repeat Customer,317.61999999999995,Occasional
17268,4,Repeat Customer,763.64,Regular
17272,4,Repeat Customer,2148.6300000000006,Regular
17274,1,One-time Customer,111.98000000000002,One-time
17277,2,Repeat Customer,1065.3500000000001,Occasional
17278,1,One-time Customer,246.04000000000002,One-time
17279,1,One-time Customer,187.82999999999998,One-time
17282,3,Repeat Customer,1703.4100000000003,Occasional
17284,6,Repeat Customer,1652.58,Regular
17286,1,One-time Customer,153.92000000000002,One-time
17287,7,Repeat Customer,1064.1100000000001,Regular
17288,7,Repeat Customer,1419.73,Regular
17289,3,Repeat Customer,944.4100000000001,Occasional
17290,2,Repeat Customer,525.24,Occasional
17291,1,One-time Customer,550.8000000000001,One-time
17293,9,Repeat Customer,1875.1100000000001,Regular
17295,3,Repeat Customer,556.95,Occasional
17297,1,One-time Customer,131.78,One-time
17298,2,Repeat Customer,498.42,Occasional
17299,4,Repeat Customer,669.1099999999999,Regular
17301,1,One-time Customer,197.63000000000002,One-time
17302,5,Repeat Customer,1135.63,Regular
17303,1,One-time Customer,250.03999999999996,One-time
17306,19,Repeat Customer,8631.310000000001,Loyal
17309,1,One-time Customer,82.75,One-time
17311,2,Repeat Customer,1384.85,Occasional
17312,3,Repeat Customer,644.3,Occasional
17313,1,One-time Customer,2328.84,One-time
17314,8,Repeat Customer,2527.92,Regular
17315,38,Repeat Customer,6292.26,Loyal
17317,3,Repeat Customer,2600.34,Occasional
17320,3,Repeat Customer,1200.6200000000001,Occasional
17321,2,Repeat Customer,700.8599999999999,Occasional
17323,7,Repeat Customer,921.0699999999999,Regular
17324,4,Repeat Customer,990.2299999999999,Regular
17325,1,One-time Customer,96.8,One-time
17329,2,Repeat Customer,523.11,Occasional
17330,2,Repeat Customer,363.9,Occasional
17331,1,One-time Customer,175.2,One-time
17333,1,One-time Customer,494.25,One-time
17334,2,Repeat Customer,307.02000000000004,Occasional
17337,4,Repeat Customer,2027.87,Regular
17338,8,Repeat Customer,6643.93,Regular
17339,2,Repeat Customer,243.36,Occasional
17340,11,Repeat Customer,12353.29,Loyal
17341,3,Repeat Customer,781.3599999999999,Occasional
17343,1,One-time Customer,193.64,One-time
17344,1,One-time Customer,160.57000000000002,One-time
17345,4,Repeat Customer,537.7400000000001,Regular
17346,15,Repeat Customer,2676.56,Loyal
17347,1,One-time Customer,228.96,One-time
17348,5,Repeat Customer,1159.5199999999998,Regular
17349,1,One-time Customer,110.75,One-time
17350,4,Repeat Customer,1286.0700000000002,Regular
17351,3,Repeat Customer,587.15,Occasional
17353,2,Repeat Customer,1740.0,Occasional
17354,1,One-time Customer,1393.06,One-time
17356,1,One-time Customer,178.21999999999997,One-time
17357,2,Repeat Customer,388.13999999999993,Occasional
17358,2,Repeat Customer,365.84999999999997,Occasional
17359,1,One-time Customer,127.85999999999999,One-time
17360,3,Repeat Customer,585.7900000000001,Occasional
17361,3,Repeat Customer,488.20000000000005,Occasional
17362,2,Repeat Customer,312.22999999999996,Occasional
17364,11,Repeat Customer,4481.18,Loyal
17365,8,Repeat Customer,4801.5599999999995,Regular
17367,1,One-time Customer,168.39999999999998,One-time
17368,8,Repeat Customer,1912.6700000000003,Regular
17370,4,Repeat Customer,446.17999999999995,Regular
17371,3,Repeat Customer,423.88999999999993,Occasional
17372,8,Repeat Customer,1342.68,Regular
17373,4,Repeat Customer,646.9200000000001,Regular
17374,2,Repeat Customer,495.7699999999999,Occasional
17375,3,Repeat Customer,400.09999999999997,Occasional
17376,2,Repeat Customer,203.2,Occasional
17377,20,Repeat Customer,4100.92,Loyal
17379,1,One-time Customer,404.66,One-time
17381,29,Repeat Customer,20275.61,Loyal
17382,1,One-time Customer,65.4,One-time
17383,1,One-time Customer,199.28999999999996,One-time
17384,2,Repeat Customer,336.4,Occasional
17385,1,One-time Customer,261.11,One-time
17386,6,Repeat Customer,2686.4200000000005,Regular
17387,2,Repeat Customer,784.1099999999999,Occasional
17388,4,Repeat Customer,1259.5600000000002,Regular
17389,34,Repeat Customer,31833.68,Loyal
17391,2,Repeat Customer,508.8,Occasional
17392,2,Repeat Customer,457.90999999999997,Occasional
17394,1,One-time Customer,203.86999999999995,One-time
17396,8,Repeat Customer,7330.8,Regular
17397,2,Repeat Customer,696.4100000000001,Occasional
17398,3,Repeat Customer,653.38,Occasional
17400,5,Repeat Customer,2129.96,Regular
17402,13,Repeat Customer,2633.8499999999995,Loyal
17403,1,One-time Customer,281.62,One-time
17404,15,Repeat Customer,31906.819999999996,Loyal
17405,3,Repeat Customer,1031.41,Occasional
17406,3,Repeat Customer,2200.42,Occasional
17408,1,One-time Customer,32.65,One-time
17409,2,Repeat Customer,771.8499999999999,Occasional
17410,5,Repeat Customer,1214.72,Regular
17411,3,Repeat Customer,778.9399999999999,Occasional
17412,7,Repeat Customer,1258.0600000000002,Regular
17414,2,Repeat Customer,778.0,Occasional
17415,1,One-time Customer,507.8399999999999,One-time
17416,7,Repeat Customer,6893.42,Regular
17418,2,Repeat Customer,463.46,Occasional
17419,12,Repeat Customer,4226.57,Loyal
17420,3,Repeat Customer,598.83,Occasional
17422,6,Repeat Customer,1979.3700000000001,Regular
17423,2,Repeat Customer,698.41,Occasional
17425,2,Repeat Customer,759.1700000000001,Occasional
17426,6,Repeat Customer,5037.26,Regular
17427,1,One-time Customer,100.8,One-time
17428,28,Repeat Customer,17256.850000000002,Loyal
17429,3,Repeat Customer,524.9200000000001,Occasional
17430,2,Repeat Customer,265.76000000000005,Occasional
17431,1,One-time Customer,403.3,One-time
17432,2,Repeat Customer,365.76,Occasional
17433,1,One-time Customer,303.15999999999997,One-time
17434,7,Repeat Customer,2373.8199999999997,Regular
17436,2,Repeat Customer,216.3,Occasional
17438,1,One-time Customer,388.45000000000005,One-time
17440,3,Repeat Customer,186.42,Occasional
17442,6,Repeat Customer,2248.56,Regular
17443,1,One-time Customer,534.24,One-time
17444,3,Repeat Customer,2940.04,Occasional
17446,2,Repeat Customer,120.90000000000002,Occasional
17447,2,Repeat Customer,541.53,Occasional
17449,7,Repeat Customer,2520.86,Regular
17450,46,Repeat Customer,194550.78999999998,Loyal
17451,7,Repeat Customer,1721.4,Regular
17453,2,Repeat Customer,486.71999999999997,Occasional
17454,4,Repeat Customer,517.53,Regular
17455,1,One-time Customer,131.7,One-time
17456,1,One-time Customer,249.86,One-time
17457,5,Repeat Customer,1737.7,Regular
17458,1,One-time Customer,316.49999999999994,One-time
17459,2,Repeat Customer,657.3,Occasional
17460,6,Repeat Customer,622.43,Regular
17461,3,Repeat Customer,757.4599999999999,Occasional
17462,2,Repeat Customer,675.6899999999999,Occasional
17463,5,Repeat Customer,1896.41,Regular
17464,1,One-time Customer,289.96000000000004,One-time
17466,2,Repeat Customer,763.28,Occasional
17468,2,Repeat Customer,137.0,Occasional
17469,5,Repeat Customer,1870.9700000000003,Regular
17470,5,Repeat Customer,1125.0700000000002,Regular
17472,3,Repeat Customer,710.29,Occasional
17475,1,One-time Customer,194.36999999999995,One-time
17480,1,One-time Customer,511.82,One-time
17481,4,Repeat Customer,1255.59,Regular
17483,3,Repeat Customer,414.04,Occasional
17486,1,One-time Customer,396.87,One-time
17489,2,Repeat Customer,376.63999999999993,Occasional
17490,7,Repeat Customer,2092.32,Regular
17491,10,Repeat Customer,3558.8700000000003,Regular
17492,1,One-time Customer,374.57,One-time
17495,2,Repeat Customer,497.56000000000006,Occasional
17496,1,One-time Customer,271.05,One-time
17498,1,One-time Customer,272.22,One-time
17499,1,One-time Customer,622.88,One-time
17500,3,Repeat Customer,1138.0,Occasional
17501,2,Repeat Customer,288.59999999999997,Occasional
17502,4,Repeat Customer,689.0999999999999,Regular
17503,2,Repeat Customer,558.9599999999999,Occasional
17504,9,Repeat Customer,2997.03,Regular
17505,2,Repeat Customer,1145.84,Occasional
17506,1,One-time Customer,302.20000000000005,One-time
17507,2,Repeat Customer,605.58,Occasional
17508,1,One-time Customer,387.31,One-time
17509,8,Repeat Customer,6115.139999999999,Regular
17510,1,One-time Customer,308.48,One-time
17511,31,Repeat Customer,91062.38,Loyal
17512,10,Repeat Customer,2924.99,Regular
17513,1,One-time Customer,513.2,One-time
17514,1,One-time Customer,208.65,One-time
17515,4,Repeat Customer,639.02,Regular
17516,5,Repeat Customer,768.08,Regular
17517,1,One-time Customer,153.94,One-time
17519,6,Repeat Customer,1844.02,Regular
17520,1,One-time Customer,546.81,One-time
17521,3,Repeat Customer,723.21,Occasional
17522,5,Repeat Customer,1070.71,Regular
17523,4,Repeat Customer,652.74,Regular
17524,1,One-time Customer,145.0,One-time
17525,1,One-time Customer,422.7,One-time
17526,4,Repeat Customer,1195.9,Regular
17527,4,Repeat Customer,939.37,Regular
17528,8,Repeat Customer,3628.5,Regular
17530,10,Repeat Customer,2385.0,Regular
17531,1,One-time Customer,296.7,One-time
17534,1,One-time Customer,223.36,One-time
17535,1,One-time Customer,164.39999999999998,One-time
17536,1,One-time Customer,76.5,One-time
17537,2,Repeat Customer,897.62,Occasional
17538,1,One-time Customer,98.42,One-time
17540,2,Repeat Customer,578.9,Occasional
17542,1,One-time Customer,170.75,One-time
17545,3,Repeat Customer,645.96,Occasional
17548,1,One-time Customer,103.3,One-time
17549,2,Repeat Customer,148.86,Occasional
17550,3,Repeat Customer,267.1600000000001,Occasional
17551,1,One-time Customer,306.84000000000003,One-time
17552,4,Repeat Customer,930.41,Regular
17553,1,One-time Customer,1487.6,One-time
17554,5,Repeat Customer,1952.4499999999998,Regular
17555,2,Repeat Customer,483.26,Occasional
17556,1,One-time Customer,157.9,One-time
17557,3,Repeat Customer,541.4599999999999,Occasional
17560,5,Repeat Customer,854.9500000000002,Regular
17561,1,One-time Customer,167.61999999999998,One-time
17562,7,Repeat Customer,1122.3799999999999,Regular
17564,3,Repeat Customer,454.01,Occasional
17566,2,Repeat Customer,901.2099999999999,Occasional
17567,8,Repeat Customer,4331.48,Regular
17569,1,One-time Customer,344.13999999999993,One-time
17571,4,Repeat Customer,1498.51,Regular
17572,4,Repeat Customer,226.75,Regular
17573,3,Repeat Customer,380.59999999999997,Occasional
17574,1,One-time Customer,185.64999999999998,One-time
17576,19,Repeat Customer,3622.68,Loyal
17578,1,One-time Customer,143.45999999999998,One-time
17579,3,Repeat Customer,448.8999999999999,Occasional
17580,3,Repeat Customer,215.71999999999997,Occasional
17581,25,Repeat Customer,11045.04,Loyal
17582,1,One-time Customer,175.27,One-time
17584,2,Repeat Customer,1242.3000000000002,Occasional
17585,4,Repeat Customer,1133.07,Regular
17588,3,Repeat Customer,1240.2,Occasional
17589,4,Repeat Customer,2404.17,Regular
17590,3,Repeat Customer,1479.22,Occasional
17591,7,Repeat Customer,2225.9700000000003,Regular
17593,5,Repeat Customer,3927.3400000000006,Regular
17594,2,Repeat Customer,993.1800000000001,Occasional
17595,2,Repeat Customer,388.78999999999996,Occasional
17596,7,Repeat Customer,2827.9300000000003,Regular
17597,1,One-time Customer,2044.37,One-time
17600,1,One-time Customer,161.67000000000002,One-time
17601,1,One-time Customer,116.00999999999999,One-time
17602,6,Repeat Customer,5102.97,Regular
17603,1,One-time Customer,394.71999999999997,One-time
17604,2,Repeat Customer,309.35999999999996,Occasional
17608,2,Repeat Customer,193.42000000000002,Occasional
17609,5,Repeat Customer,1112.2199999999998,Regular
17611,15,Repeat Customer,3984.22,Loyal
17612,6,Repeat Customer,2048.45,Regular
17613,14,Repeat Customer,4559.150000000001,Loyal
17614,1,One-time Customer,390.07000000000005,One-time
17615,3,Repeat Customer,329.6000000000001,Occasional
17616,3,Repeat Customer,571.2,Occasional
17618,3,Repeat Customer,971.5800000000002,Occasional
17619,1,One-time Customer,218.51999999999995,One-time
17620,1,One-time Customer,81.44,One-time
17621,3,Repeat Customer,1379.8999999999999,Occasional
17623,1,One-time Customer,527.0500000000001,One-time
17624,2,Repeat Customer,843.48,Occasional
17625,4,Repeat Customer,2047.0,Regular
17628,1,One-time Customer,75.75000000000001,One-time
17629,8,Repeat Customer,1814.12,Regular
17630,2,Repeat Customer,503.59999999999997,Occasional
17631,3,Repeat Customer,528.3300000000002,Occasional
17633,4,Repeat Customer,1324.8400000000001,Regular
17634,9,Repeat Customer,2361.9700000000003,Regular
17636,1,One-time Customer,285.55999999999995,One-time
17637,2,Repeat Customer,547.0600000000001,Occasional
17639,1,One-time Customer,108.5,One-time
17640,1,One-time Customer,621.6600000000001,One-time
17642,2,Repeat Customer,712.29,Occasional
17643,1,One-time Customer,101.55,One-time
17644,11,Repeat Customer,2895.64,Loyal
17646,3,Repeat Customer,1008.39,Occasional
17647,1,One-time Customer,133.06,One-time
17648,4,Repeat Customer,1797.5,Regular
17649,1,One-time Customer,868.49,One-time
17650,1,One-time Customer,166.07999999999998,One-time
17651,10,Repeat Customer,3945.0,Regular
17652,12,Repeat Customer,4867.72,Loyal
17653,4,Repeat Customer,1207.56,Regular
17654,1,One-time Customer,117.55000000000001,One-time
17655,7,Repeat Customer,2638.9400000000005,Regular
17656,5,Repeat Customer,1674.6900000000003,Regular
17658,2,Repeat Customer,595.42,Occasional
17659,12,Repeat Customer,2999.46,Loyal
17660,1,One-time Customer,196.0,One-time
17663,7,Repeat Customer,1802.9100000000003,Regular
17664,2,Repeat Customer,604.64,Occasional
17666,2,Repeat Customer,728.1599999999999,Occasional
17667,5,Repeat Customer,2055.51,Regular
17668,2,Repeat Customer,347.75,Occasional
17669,7,Repeat Customer,3406.72,Regular
17670,1,One-time Customer,205.7,One-time
17671,4,Repeat Customer,1572.7100000000003,Regular
17672,2,Repeat Customer,3178.17,Occasional
17673,6,Repeat Customer,1629.12,Regular
17674,2,Repeat Customer,551.0400000000001,Occasional
17675,31,Repeat Customer,20374.28,Loyal
17676,6,Repeat Customer,1387.68,Regular
17677,30,Repeat Customer,16363.23,Loyal
17678,1,One-time Customer,298.11,One-time
17679,2,Repeat Customer,1992.1100000000001,Occasional
17680,1,One-time Customer,184.39999999999998,One-time
17682,6,Repeat Customer,2474.3299999999995,Regular
17684,1,One-time Customer,239.41,One-time
17685,7,Repeat Customer,3191.53,Regular
17686,7,Repeat Customer,5739.460000000001,Regular
17690,15,Repeat Customer,4757.95,Loyal
17691,2,Repeat Customer,290.4,Occasional
17692,4,Repeat Customer,740.9399999999998,Regular
17693,1,One-time Customer,200.46999999999997,One-time
17694,1,One-time Customer,283.12,One-time
17695,2,Repeat Customer,765.3400000000001,Occasional
17696,8,Repeat Customer,2285.7100000000005,Regular
17697,1,One-time Customer,338.95000000000005,One-time
17698,1,One-time Customer,154.95,One-time
17700,4,Repeat Customer,2534.64,Regular
17701,1,One-time Customer,417.95000000000005,One-time
17702,4,Repeat Customer,1824.37,Regular
17703,3,Repeat Customer,798.74,Occasional
17704,2,Repeat Customer,885.1899999999999,Occasional
17705,9,Repeat Customer,1823.52,Regular
17706,17,Repeat Customer,10504.49,Loyal
17707,2,Repeat Customer,152.39999999999998,Occasional
17708,2,Repeat Customer,267.08000000000004,Occasional
17709,1,One-time Customer,137.45,One-time
17711,2,Repeat Customer,385.1,Occasional
17712,1,One-time Customer,522.91,One-time
17714,1,One-time Customer,153.0,One-time
17715,1,One-time Customer,326.4,One-time
17716,11,Repeat Customer,5655.99,Loyal
17718,1,One-time Customer,139.35,One-time
17719,15,Repeat Customer,5396.04,Loyal
17720,4,Repeat Customer,1195.94,Regular
17722,4,Repeat Customer,2424.04,Regular
17723,6,Repeat Customer,3276.4,Regular
17724,3,Repeat Customer,1033.0,Occasional
17725,11,Repeat Customer,3439.08,Loyal
17727,1,One-time Customer,1060.25,One-time
17728,3,Repeat Customer,2876.01,Occasional
17730,13,Repeat Customer,5298.48,Loyal
17731,4,Repeat Customer,1240.11,Regular
17732,1,One-time Customer,303.96999999999997,One-time
17733,2,Repeat Customer,692.1899999999999,Occasional
17734,3,Repeat Customer,700.63,Occasional
17735,19,Repeat Customer,13110.02,Loyal
17736,3,Repeat Customer,377.44,Occasional
17737,2,Repeat Customer,168.24,Occasional
17738,4,Repeat Customer,1879.05,Regular
17739,7,Repeat Customer,2791.3500000000004,Regular
17742,2,Repeat Customer,355.11,Occasional
17744,6,Repeat Customer,2322.4,Regular
17746,1,One-time Customer,110.25000000000001,One-time
17747,1,One-time Customer,71.4,One-time
17749,2,Repeat Customer,674.52,Occasional
17750,9,Repeat Customer,1797.5700000000002,Regular
17752,1,One-time Customer,80.64,One-time
17754,5,Repeat Customer,1772.2599999999998,Regular
17757,30,Repeat Customer,5605.290000000001,Loyal
17758,8,Repeat Customer,3456.7,Regular
17759,3,Repeat Customer,834.99,Occasional
17760,2,Repeat Customer,287.59000000000003,Occasional
17761,1,One-time Customer,712.78,One-time
17763,1,One-time Customer,15.0,One-time
17764,2,Repeat Customer,818.82,Occasional
17765,3,Repeat Customer,371.88,Occasional
17767,1,One-time Customer,271.20000000000005,One-time
17768,3,Repeat Customer,2273.18,Occasional
17769,10,Repeat Customer,3997.9800000000005,Regular
17770,5,Repeat Customer,1143.2699999999998,Regular
17771,2,Repeat Customer,245.81000000000003,Occasional
17772,2,Repeat Customer,182.76999999999998,Occasional
17774,4,Repeat Customer,1225.4099999999999,Regular
17775,1,One-time Customer,56.4,One-time
17777,3,Repeat Customer,665.8600000000001,Occasional
17779,3,Repeat Customer,658.57,Occasional
17781,2,Repeat Customer,188.01999999999998,Occasional
17783,2,Repeat Customer,283.4699999999999,Occasional
17785,1,One-time Customer,131.94,One-time
17786,2,Repeat Customer,278.74,Occasional
17787,4,Repeat Customer,1865.19,Regular
17788,2,Repeat Customer,1117.9,Occasional
17789,1,One-time Customer,225.9,One-time
17790,14,Repeat Customer,1965.5500000000002,Loyal
17791,1,One-time Customer,106.1,One-time
17793,1,One-time Customer,323.04,One-time
17795,2,Repeat Customer,350.38999999999993,Occasional
17796,4,Repeat Customer,697.9000000000001,Regular
17797,3,Repeat Customer,780.4300000000002,Occasional
17799,10,Repeat Customer,3055.9300000000003,Regular
17800,9,Repeat Customer,1199.01,Regular
17802,3,Repeat Customer,1285.04,Occasional
17805,1,One-time Customer,512.31,One-time
17806,1,One-time Customer,546.04,One-time
17809,12,Repeat Customer,5411.91,Loyal
17811,39,Repeat Customer,7837.7300000000005,Loyal
17812,4,Repeat Customer,732.1599999999999,Regular
17813,5,Repeat Customer,1770.8799999999999,Regular
17816,4,Repeat Customer,36.559999999999995,Regular
17817,3,Repeat Customer,387.68,Occasional
17819,7,Repeat Customer,3704.87,Regular
17824,1,One-time Customer,298.4,One-time
17827,5,Repeat Customer,1995.46,Regular
17828,4,Repeat Customer,1820.0900000000001,Regular
17829,1,One-time Customer,889.24,One-time
17830,3,Repeat Customer,398.69999999999993,Occasional
17831,1,One-time Customer,35.400000000000006,One-time
17832,1,One-time Customer,155.37000000000003,One-time
17835,3,Repeat Customer,350.63999999999993,Occasional
17836,1,One-time Customer,110.21,One-time
17837,8,Repeat Customer,1593.38,Regular
17838,5,Repeat Customer,2779.3,Regular
17839,1,One-time Customer,338.79999999999995,One-time
17841,124,Repeat Customer,40991.57,Loyal
17843,1,One-time Customer,205.48000000000002,One-time
17844,1,One-time Customer,51.56,One-time
17846,1,One-time Customer,2033.1,One-time
17848,9,Repeat Customer,901.2,Regular
17849,4,Repeat Customer,605.8000000000001,Regular
17850,34,Repeat Customer,5391.210000000001,Loyal
17852,2,Repeat Customer,114.34,Occasional
17854,2,Repeat Customer,311.26,Occasional
17855,1,One-time Customer,208.97,One-time
17856,4,Repeat Customer,1418.0300000000002,Regular
17857,23,Repeat Customer,26879.04,Loyal
17858,12,Repeat Customer,5155.66,Loyal
17859,1,One-time Customer,148.21,One-time
17860,1,One-time Customer,252.8,One-time
17861,8,Repeat Customer,2100.8,Regular
17862,1,One-time Customer,330.9,One-time
17863,6,Repeat Customer,3160.0,Regular
17864,3,Repeat Customer,597.5,Occasional
17865,20,Repeat Customer,10526.32,Loyal
17866,1,One-time Customer,329.65,One-time
17867,6,Repeat Customer,1197.1000000000004,Regular
17869,5,Repeat Customer,428.18,Regular
17870,12,Repeat Customer,1894.3500000000001,Loyal
17871,1,One-time Customer,155.90000000000003,One-time
17873,5,Repeat Customer,1859.1600000000003,Regular
17874,6,Repeat Customer,683.4600000000002,Regular
17877,1,One-time Customer,237.61,One-time
17878,1,One-time Customer,379.45,One-time
17879,1,One-time Customer,178.51999999999998,One-time
17880,1,One-time Customer,458.91999999999996,One-time
17881,1,One-time Customer,133.35000000000002,One-time
17883,4,Repeat Customer,671.77,Regular
17884,4,Repeat Customer,717.45,Regular
17885,1,One-time Customer,190.19,One-time
17886,3,Repeat Customer,899.6099999999999,Occasional
17887,1,One-time Customer,111.35,One-time
17888,8,Repeat Customer,726.05,Regular
17889,2,Repeat Customer,203.87,Occasional
17890,2,Repeat Customer,602.0900000000001,Occasional
17891,1,One-time Customer,203.85999999999996,One-time
17892,3,Repeat Customer,244.10000000000002,Occasional
17893,1,One-time Customer,112.25,One-time
17894,8,Repeat Customer,1119.81,Regular
17895,1,One-time Customer,98.0,One-time
17896,1,One-time Customer,256.32,One-time
17897,3,Repeat Customer,566.6,Occasional
17898,2,Repeat Customer,152.06,Occasional
17899,1,One-time Customer,155.79999999999998,One-time
17900,2,Repeat Customer,112.19999999999999,Occasional
17901,1,One-time Customer,110.38,One-time
17904,1,One-time Customer,191.66999999999993,One-time
17905,4,Repeat Customer,800.24,Regular
17906,1,One-time Customer,72.9,One-time
17908,1,One-time Customer,243.27999999999997,One-time
17911,1,One-time Customer,366.23,One-time
17912,5,Repeat Customer,311.01,Regular
17913,2,Repeat Customer,411.59999999999997,Occasional
17914,1,One-time Customer,336.43,One-time
17917,3,Repeat Customer,341.28000000000003,Occasional
17919,1,One-time Customer,1304.0400000000002,One-time
17920,17,Repeat Customer,4204.1,Loyal
17921,4,Repeat Customer,826.52,Regular
17923,1,One-time Customer,207.50000000000003,One-time
17924,7,Repeat Customer,2962.500000000001,Regular
17925,1,One-time Customer,244.08,One-time
17926,2,Repeat Customer,397.29,Occasional
17928,2,Repeat Customer,212.54000000000002,Occasional
17929,4,Repeat Customer,843.0,Regular
17930,5,Repeat Customer,1740.4799999999998,Regular
17931,2,Repeat Customer,408.36,Occasional
17932,3,Repeat Customer,1331.57,Occasional
17934,2,Repeat Customer,704.25,Occasional
17935,2,Repeat Customer,145.79000000000002,Occasional
17936,1,One-time Customer,389.84,One-time
17937,7,Repeat Customer,4301.22,Regular
17939,1,One-time Customer,99.14000000000001,One-time
17940,10,Repeat Customer,4106.4400000000005,Regular
17941,1,One-time Customer,304.56,One-time
17942,1,One-time Customer,77.50000000000001,One-time
17946,2,Repeat Customer,149.58,Occasional
17947,1,One-time Customer,176.67999999999998,One-time
17948,1,One-time Customer,358.56000000000006,One-time
17949,45,Repeat Customer,58510.48000000001,Loyal
17950,3,Repeat Customer,482.2,Occasional
17951,3,Repeat Customer,1008.5400000000003,Occasional
17954,12,Repeat Customer,2332.7200000000003,Loyal
17955,4,Repeat Customer,557.3,Regular
17956,1,One-time Customer,12.75,One-time
17957,1,One-time Customer,111.67999999999999,One-time
17958,1,One-time Customer,508.4599999999999,One-time
17960,1,One-time Customer,73.78,One-time
17961,39,Repeat Customer,1296.44,Loyal
17962,1,One-time Customer,102.83,One-time
17964,2,Repeat Customer,471.69999999999993,Occasional
17965,14,Repeat Customer,2622.57,Loyal
17966,5,Repeat Customer,1098.4299999999998,Regular
17967,1,One-time Customer,123.07,One-time
17968,1,One-time Customer,277.35,One-time
17969,2,Repeat Customer,228.20000000000002,Occasional
17970,1,One-time Customer,582.59,One-time
17972,1,One-time Customer,136.04,One-time
17973,1,One-time Customer,337.03999999999996,One-time
17974,3,Repeat Customer,740.79,Occasional
17975,13,Repeat Customer,4488.81,Loyal
17976,1,One-time Customer,353.19000000000005,One-time
17977,1,One-time Customer,288.14,One-time
17978,1,One-time Customer,300.91999999999996,One-time
17979,4,Repeat Customer,757.7099999999998,Regular
17980,3,Repeat Customer,811.45,Occasional
17984,1,One-time Customer,152.68,One-time
17985,1,One-time Customer,634.9499999999999,One-time
17986,1,One-time Customer,20.8,One-time
17987,1,One-time Customer,198.57,One-time
17988,7,Repeat Customer,201.11999999999998,Regular
17990,3,Repeat Customer,630.84,Occasional
17991,2,Repeat Customer,93.35,Occasional
17994,4,Repeat Customer,678.49,Regular
17995,1,One-time Customer,76.1,One-time
17997,8,Repeat Customer,1970.67,Regular
17999,2,Repeat Customer,382.06000000000006,Occasional
18001,2,Repeat Customer,417.22999999999996,Occasional
18004,1,One-time Customer,169.47,One-time
18005,2,Repeat Customer,249.71999999999997,Occasional
18006,1,One-time Customer,444.68,One-time
18008,9,Repeat Customer,2116.19,Regular
18009,1,One-time Customer,257.34,One-time
18010,1,One-time Customer,174.79999999999998,One-time
18011,1,One-time Customer,102.79,One-time
18013,2,Repeat Customer,187.29,Occasional
18014,1,One-time Customer,166.42,One-time
18015,1,One-time Customer,120.03000000000002,One-time
18016,5,Repeat Customer,1483.56,Regular
18017,3,Repeat Customer,523.0,Occasional
18018,2,Repeat Customer,122.14,Occasional
18019,1,One-time Customer,38.45,One-time
18022,1,One-time Customer,668.1099999999999,One-time
18024,2,Repeat Customer,389.78,Occasional
18027,1,One-time Customer,115.30999999999999,One-time
18030,2,Repeat Customer,230.64999999999998,Occasional
18032,1,One-time Customer,73.5,One-time
18033,1,One-time Customer,97.97000000000001,One-time
18034,2,Repeat Customer,422.87999999999994,Occasional
18035,3,Repeat Customer,730.4000000000002,Occasional
18036,3,Repeat Customer,405.62,Occasional
18037,6,Repeat Customer,70.02,Regular
18040,2,Repeat Customer,357.2,Occasional
18041,21,Repeat Customer,4183.39,Loyal
18042,1,One-time Customer,165.04999999999998,One-time
18043,3,Repeat Customer,559.51,Occasional
18044,10,Repeat Customer,2088.6,Regular
18045,1,One-time Customer,189.39999999999998,One-time
18048,2,Repeat Customer,172.29000000000002,Occasional
18050,1,One-time Customer,74.4,One-time
18053,1,One-time Customer,300.0200000000001,One-time
18055,10,Repeat Customer,6784.1900000000005,Regular
18056,1,One-time Customer,363.65,One-time
18058,1,One-time Customer,170.16,One-time
18059,3,Repeat Customer,306.46,Occasional
18061,10,Repeat Customer,2119.41,Regular
18062,3,Repeat Customer,720.5200000000001,Occasional
18064,2,Repeat Customer,814.0,Occasional
18065,14,Repeat Customer,2392.83,Loyal
18066,1,One-time Customer,318.0,One-time
18067,1,One-time Customer,396.33000000000004,One-time
18068,1,One-time Customer,101.69999999999999,One-time
18069,5,Repeat Customer,2036.67,Regular
18071,2,Repeat Customer,453.0,Occasional
18072,1,One-time Customer,247.44,One-time
18073,12,Repeat Customer,3877.5199999999995,Loyal
18074,1,One-time Customer,489.6,One-time
18075,10,Repeat Customer,2611.75,Regular
18077,11,Repeat Customer,2633.01,Loyal
18078,2,Repeat Customer,336.13,Occasional
18079,4,Repeat Customer,3651.9699999999993,Regular
18080,2,Repeat Customer,1231.5,Occasional
18081,3,Repeat Customer,343.45,Occasional
18082,1,One-time Customer,703.37,One-time
18084,1,One-time Customer,90.47999999999999,One-time
18085,2,Repeat Customer,689.9499999999999,Occasional
18086,1,One-time Customer,101.33999999999999,One-time
18087,2,Repeat Customer,4055.7199999999993,Occasional
18088,1,One-time Customer,167.66999999999996,One-time
18092,11,Repeat Customer,9068.26,Loyal
18093,4,Repeat Customer,2106.52,Regular
18094,7,Repeat Customer,3017.3,Regular
18095,2,Repeat Customer,580.05,Occasional
18096,3,Repeat Customer,911.1500000000001,Occasional
18097,6,Repeat Customer,2697.8,Regular
18099,1,One-time Customer,168.31,One-time
18101,2,Repeat Customer,223.64999999999998,Occasional
18102,60,Repeat Customer,259657.3,Loyal
18104,1,One-time Customer,754.6400000000001,One-time
18105,1,One-time Customer,113.48000000000002,One-time
18106,1,One-time Customer,430.7,One-time
18108,1,One-time Customer,271.0,One-time
18109,26,Repeat Customer,8052.97,Loyal
18110,1,One-time Customer,236.3,One-time
18112,2,Repeat Customer,352.69000000000005,Occasional
18113,1,One-time Customer,76.32000000000001,One-time
18114,1,One-time Customer,220.1,One-time
18116,8,Repeat Customer,1418.03,Regular
18117,1,One-time Customer,320.71999999999997,One-time
18118,26,Repeat Customer,5653.82,Loyal
18119,1,One-time Customer,181.11999999999995,One-time
18120,1,One-time Customer,111.14999999999999,One-time
18121,2,Repeat Customer,673.1,Occasional
18122,6,Repeat Customer,1826.21,Regular
18123,2,Repeat Customer,589.44,Occasional
18125,4,Repeat Customer,1142.99,Regular
18126,1,One-time Customer,206.83,One-time
18127,3,Repeat Customer,348.73,Occasional
18129,1,One-time Customer,112.55,One-time
18130,3,Repeat Customer,1059.3899999999999,Occasional
18133,1,One-time Customer,931.4999999999999,One-time
18135,5,Repeat Customer,681.9100000000001,Regular
18136,3,Repeat Customer,784.3299999999998,Occasional
18138,1,One-time Customer,152.65,One-time
18139,6,Repeat Customer,8438.34,Regular
18142,2,Repeat Customer,1019.52,Occasional
18143,2,Repeat Customer,1000.1600000000001,Occasional
18144,12,Repeat Customer,2888.7500000000005,Loyal
18145,4,Repeat Customer,2861.55,Regular
18146,2,Repeat Customer,160.35,Occasional
18147,2,Repeat Customer,179.33999999999997,Occasional
18149,3,Repeat Customer,612.0799999999999,Occasional
18150,3,Repeat Customer,566.5800000000002,Occasional
18151,2,Repeat Customer,653.3499999999999,Occasional
18154,2,Repeat Customer,399.18999999999994,Occasional
18155,3,Repeat Customer,371.62000000000006,Occasional
18156,2,Repeat Customer,734.94,Occasional
18158,2,Repeat Customer,453.4,Occasional
18159,1,One-time Customer,530.1500000000001,One-time
18160,2,Repeat Customer,638.0600000000002,Occasional
18161,5,Repeat Customer,1618.69,Regular
18164,1,One-time Customer,399.65,One-time
18165,1,One-time Customer,302.46000000000004,One-time
18167,3,Repeat Customer,1384.86,Occasional
18168,6,Repeat Customer,1169.94,Regular
18169,1,One-time Customer,202.65,One-time
18170,3,Repeat Customer,980.3100000000001,Occasional
18171,5,Repeat Customer,1231.31,Regular
18172,20,Repeat Customer,7561.68,Loyal
18173,4,Repeat Customer,2106.8400000000006,Regular
18174,1,One-time Customer,104.0,One-time
18176,1,One-time Customer,476.35,One-time
18177,6,Repeat Customer,1341.42,Regular
18178,4,Repeat Customer,1590.81,Regular
18179,6,Repeat Customer,1793.1700000000003,Regular
18180,6,Repeat Customer,1843.7500000000005,Regular
18181,1,One-time Customer,382.7999999999999,One-time
18183,2,Repeat Customer,632.0700000000002,Occasional
18184,1,One-time Customer,49.8,One-time
18185,1,One-time Customer,304.25,One-time
18188,3,Repeat Customer,2001.0399999999997,Occasional
18189,2,Repeat Customer,1090.2400000000002,Occasional
18190,2,Repeat Customer,284.46,Occasional
18191,1,One-time Customer,207.79999999999998,One-time
18192,1,One-time Customer,957.9699999999999,One-time
18193,1,One-time Customer,243.76,One-time
18194,1,One-time Customer,973.8399999999999,One-time
18196,2,Repeat Customer,689.1300000000001,Occasional
18198,17,Repeat Customer,5425.560000000001,Loyal
18200,1,One-time Customer,163.8,One-time
18202,3,Repeat Customer,1396.9900000000002,Occasional
18203,1,One-time Customer,160.42000000000002,One-time
18204,3,Repeat Customer,1993.7000000000003,Occasional
18205,2,Repeat Customer,517.3599999999999,Occasional
18209,1,One-time Customer,139.10000000000002,One-time
18210,6,Repeat Customer,2621.38,Regular
18211,5,Repeat Customer,600.07,Regular
18212,1,One-time Customer,248.42,One-time
18213,1,One-time Customer,232.48000000000002,One-time
18215,1,One-time Customer,299.34,One-time
18216,1,One-time Customer,481.74999999999994,One-time
18217,2,Repeat Customer,621.7500000000001,Occasional
18218,2,Repeat Customer,662.08,Occasional
18219,10,Repeat Customer,2069.77,Regular
18220,1,One-time Customer,305.28000000000003,One-time
18221,5,Repeat Customer,1041.6100000000001,Regular
18222,1,One-time Customer,443.0,One-time
18223,14,Repeat Customer,6484.54,Loyal
18224,1,One-time Customer,158.95000000000002,One-time
18225,12,Repeat Customer,5509.120000000001,Loyal
18226,11,Repeat Customer,5228.050000000001,Loyal
18227,1,One-time Customer,93.75,One-time
18228,2,Repeat Customer,779.9,Occasional
18229,20,Repeat Customer,7276.9,Loyal
18230,7,Repeat Customer,2810.1999999999994,Regular
18231,5,Repeat Customer,2083.2699999999995,Regular
18232,4,Repeat Customer,592.97,Regular
18233,1,One-time Customer,440.0,One-time
18235,3,Repeat Customer,1796.4800000000002,Occasional
18236,6,Repeat Customer,882.24,Regular
18237,5,Repeat Customer,987.1000000000001,Regular
18239,5,Repeat Customer,1561.6100000000001,Regular
18240,1,One-time Customer,422.58000000000004,One-time
18241,17,Repeat Customer,2073.09,Loyal
18242,4,Repeat Customer,2232.4900000000002,Regular
18245,7,Repeat Customer,2567.0600000000004,Regular
18246,2,Repeat Customer,596.0999999999999,Occasional
18248,2,Repeat Customer,804.02,Occasional
18249,1,One-time Customer,95.34,One-time
18250,1,One-time Customer,349.27000000000004,One-time
18251,1,One-time Customer,4314.72,One-time
18252,2,Repeat Customer,526.6700000000001,Occasional
18255,1,One-time Customer,103.3,One-time
18257,8,Repeat Customer,2337.6300000000006,Regular
18259,3,Repeat Customer,2338.6000000000004,Occasional
18260,6,Repeat Customer,2643.2,Regular
18261,2,Repeat Customer,324.24,Occasional
18262,1,One-time Customer,149.48,One-time
18263,3,Repeat Customer,1213.1599999999999,Occasional
18265,2,Repeat Customer,801.5100000000001,Occasional
18268,1,One-time Customer,25.5,One-time
18269,1,One-time Customer,168.6,One-time
18270,2,Repeat Customer,283.15000000000003,Occasional
18272,6,Repeat Customer,3078.58,Regular
18273,3,Repeat Customer,204.0,Occasional
18274,1,One-time Customer,175.92000000000002,One-time
18276,1,One-time Customer,335.8599999999999,One-time
18277,1,One-time Customer,110.38,One-time
18278,1,One-time Customer,173.89999999999998,One-time
18280,1,One-time Customer,180.6,One-time
18281,1,One-time Customer,80.82,One-time
18282,2,Repeat Customer,178.05,Occasional
18283,16,Repeat Customer,2094.88,Loyal
18287,3,Repeat Customer,1837.2800000000002,Occasional
